Tag Type,Start (s),End (s),Label
Pass,0,1,row 0
Pass,1,2,row 1
Pass,2,3,row 2
Pass,3,4,row 3
Pass,4,5,row 4
Pass,5,6,row 5
Pass,6,7,row 6
Pass,7,8,row 7
Pass,8,9,row 8
Pass,9,10,row 9
Pass,10,11,row 10
Pass,11,12,row 11
Pass,12,13,row 12
Pass,13,14,row 13
Pass,14,15,row 14
Pass,15,16,row 15
Pass,16,17,row 16
Pass,17,18,row 17
Pass,18,19,row 18
Pass,19,20,row 19
Pass,20,21,row 20
Pass,21,22,row 21
Pass,22,23,row 22
Pass,23,24,row 23
Pass,24,25,row 24
Pass,25,26,row 25
Pass,26,27,row 26
Pass,27,28,row 27
Pass,28,29,row 28
Pass,29,30,row 29
Pass,30,31,row 30
Pass,31,32,row 31
Pass,32,33,row 32
Pass,33,34,row 33
Pass,34,35,row 34
Pass,35,36,row 35
Pass,36,37,row 36
Pass,37,38,row 37
Pass,38,39,row 38
Pass,39,40,row 39
Pass,40,41,row 40
Pass,41,42,row 41
Pass,42,43,row 42
Pass,43,44,row 43
Pass,44,45,row 44
Pass,45,46,row 45
Pass,46,47,row 46
Pass,47,48,row 47
Pass,48,49,row 48
Pass,49,50,row 49
Pass,50,51,row 50
Pass,51,52,row 51
Pass,52,53,row 52
Pass,53,54,row 53
Pass,54,55,row 54
Pass,55,56,row 55
Pass,56,57,row 56
Pass,57,58,row 57
Pass,58,59,row 58
Pass,59,60,row 59
Pass,60,61,row 60
Pass,61,62,row 61
Pass,62,63,row 62
Pass,63,64,row 63
Pass,64,65,row 64
Pass,65,66,row 65
Pass,66,67,row 66
Pass,67,68,row 67
Pass,68,69,row 68
Pass,69,70,row 69
Pass,70,71,row 70
Pass,71,72,row 71
Pass,72,73,row 72
Pass,73,74,row 73
Pass,74,75,row 74
Pass,75,76,row 75
Pass,76,77,row 76
Pass,77,78,row 77
Pass,78,79,row 78
Pass,79,80,row 79
Pass,80,81,row 80
Pass,81,82,row 81
Pass,82,83,row 82
Pass,83,84,row 83
Pass,84,85,row 84
Pass,85,86,row 85
Pass,86,87,row 86
Pass,87,88,row 87
Pass,88,89,row 88
Pass,89,90,row 89
Pass,90,91,row 90
Pass,91,92,row 91
Pass,92,93,row 92
Pass,93,94,row 93
Pass,94,95,row 94
Pass,95,96,row 95
Pass,96,97,row 96
Pass,97,98,row 97
Pass,98,99,row 98
Pass,99,100,row 99
Pass,100,101,row 100
Pass,101,102,row 101
Pass,102,103,row 102
Pass,103,104,row 103
Pass,104,105,row 104
Pass,105,106,row 105
Pass,106,107,row 106
Pass,107,108,row 107
Pass,108,109,row 108
Pass,109,110,row 109
Pass,110,111,row 110
Pass,111,112,row 111
Pass,112,113,row 112
Pass,113,114,row 113
Pass,114,115,row 114
Pass,115,116,row 115
Pass,116,117,row 116
Pass,117,118,row 117
Pass,118,119,row 118
Pass,119,120,row 119
Pass,120,121,row 120
Pass,121,122,row 121
Pass,122,123,row 122
Pass,123,124,row 123
Pass,124,125,row 124
Pass,125,126,row 125
Pass,126,127,row 126
Pass,127,128,row 127
Pass,128,129,row 128
Pass,129,130,row 129
Pass,130,131,row 130
Pass,131,132,row 131
Pass,132,133,row 132
Pass,133,134,row 133
Pass,134,135,row 134
Pass,135,136,row 135
Pass,136,137,row 136
Pass,137,138,row 137
Pass,138,139,row 138
Pass,139,140,row 139
Pass,140,141,row 140
Pass,141,142,row 141
Pass,142,143,row 142
Pass,143,144,row 143
Pass,144,145,row 144
Pass,145,146,row 145
Pass,146,147,row 146
Pass,147,148,row 147
Pass,148,149,row 148
Pass,149,150,row 149
Pass,150,151,row 150
Pass,151,152,row 151
Pass,152,153,row 152
Pass,153,154,row 153
Pass,154,155,row 154
Pass,155,156,row 155
Pass,156,157,row 156
Pass,157,158,row 157
Pass,158,159,row 158
Pass,159,160,row 159
Pass,160,161,row 160
Pass,161,162,row 161
Pass,162,163,row 162
Pass,163,164,row 163
Pass,164,165,row 164
Pass,165,166,row 165
Pass,166,167,row 166
Pass,167,168,row 167
Pass,168,169,row 168
Pass,169,170,row 169
Pass,170,171,row 170
Pass,171,172,row 171
Pass,172,173,row 172
Pass,173,174,row 173
Pass,174,175,row 174
Pass,175,176,row 175
Pass,176,177,row 176
Pass,177,178,row 177
Pass,178,179,row 178
Pass,179,180,row 179
Pass,180,181,row 180
Pass,181,182,row 181
Pass,182,183,row 182
Pass,183,184,row 183
Pass,184,185,row 184
Pass,185,186,row 185
Pass,186,187,row 186
Pass,187,188,row 187
Pass,188,189,row 188
Pass,189,190,row 189
Pass,190,191,row 190
Pass,191,192,row 191
Pass,192,193,row 192
Pass,193,194,row 193
Pass,194,195,row 194
Pass,195,196,row 195
Pass,196,197,row 196
Pass,197,198,row 197
Pass,198,199,row 198
Pass,199,200,row 199
Pass,200,201,row 200
Pass,201,202,row 201
Pass,202,203,row 202
Pass,203,204,row 203
Pass,204,205,row 204
Pass,205,206,row 205
Pass,206,207,row 206
Pass,207,208,row 207
Pass,208,209,row 208
Pass,209,210,row 209
Pass,210,211,row 210
Pass,211,212,row 211
Pass,212,213,row 212
Pass,213,214,row 213
Pass,214,215,row 214
Pass,215,216,row 215
Pass,216,217,row 216
Pass,217,218,row 217
Pass,218,219,row 218
Pass,219,220,row 219
Pass,220,221,row 220
Pass,221,222,row 221
Pass,222,223,row 222
Pass,223,224,row 223
Pass,224,225,row 224
Pass,225,226,row 225
Pass,226,227,row 226
Pass,227,228,row 227
Pass,228,229,row 228
Pass,229,230,row 229
Pass,230,231,row 230
Pass,231,232,row 231
Pass,232,233,row 232
Pass,233,234,row 233
Pass,234,235,row 234
Pass,235,236,row 235
Pass,236,237,row 236
Pass,237,238,row 237
Pass,238,239,row 238
Pass,239,240,row 239
Pass,240,241,row 240
Pass,241,242,row 241
Pass,242,243,row 242
Pass,243,244,row 243
Pass,244,245,row 244
Pass,245,246,row 245
Pass,246,247,row 246
Pass,247,248,row 247
Pass,248,249,row 248
Pass,249,250,row 249
Pass,250,251,row 250
Pass,251,252,row 251
Pass,252,253,row 252
Pass,253,254,row 253
Pass,254,255,row 254
Pass,255,256,row 255
Pass,256,257,row 256
Pass,257,258,row 257
Pass,258,259,row 258
Pass,259,260,row 259
Pass,260,261,row 260
Pass,261,262,row 261
Pass,262,263,row 262
Pass,263,264,row 263
Pass,264,265,row 264
Pass,265,266,row 265
Pass,266,267,row 266
Pass,267,268,row 267
Pass,268,269,row 268
Pass,269,270,row 269
Pass,270,271,row 270
Pass,271,272,row 271
Pass,272,273,row 272
Pass,273,274,row 273
Pass,274,275,row 274
Pass,275,276,row 275
Pass,276,277,row 276
Pass,277,278,row 277
Pass,278,279,row 278
Pass,279,280,row 279
Pass,280,281,row 280
Pass,281,282,row 281
Pass,282,283,row 282
Pass,283,284,row 283
Pass,284,285,row 284
Pass,285,286,row 285
Pass,286,287,row 286
Pass,287,288,row 287
Pass,288,289,row 288
Pass,289,290,row 289
Pass,290,291,row 290
Pass,291,292,row 291
Pass,292,293,row 292
Pass,293,294,row 293
Pass,294,295,row 294
Pass,295,296,row 295
Pass,296,297,row 296
Pass,297,298,row 297
Pass,298,299,row 298
Pass,299,300,row 299
Pass,300,301,row 300
Pass,301,302,row 301
Pass,302,303,row 302
Pass,303,304,row 303
Pass,304,305,row 304
Pass,305,306,row 305
Pass,306,307,row 306
Pass,307,308,row 307
Pass,308,309,row 308
Pass,309,310,row 309
Pass,310,311,row 310
Pass,311,312,row 311
Pass,312,313,row 312
Pass,313,314,row 313
Pass,314,315,row 314
Pass,315,316,row 315
Pass,316,317,row 316
Pass,317,318,row 317
Pass,318,319,row 318
Pass,319,320,row 319
Pass,320,321,row 320
Pass,321,322,row 321
Pass,322,323,row 322
Pass,323,324,row 323
Pass,324,325,row 324
Pass,325,326,row 325
Pass,326,327,row 326
Pass,327,328,row 327
Pass,328,329,row 328
Pass,329,330,row 329
Pass,330,331,row 330
Pass,331,332,row 331
Pass,332,333,row 332
Pass,333,334,row 333
Pass,334,335,row 334
Pass,335,336,row 335
Pass,336,337,row 336
Pass,337,338,row 337
Pass,338,339,row 338
Pass,339,340,row 339
Pass,340,341,row 340
Pass,341,342,row 341
Pass,342,343,row 342
Pass,343,344,row 343
Pass,344,345,row 344
Pass,345,346,row 345
Pass,346,347,row 346
Pass,347,348,row 347
Pass,348,349,row 348
Pass,349,350,row 349
Pass,350,351,row 350
Pass,351,352,row 351
Pass,352,353,row 352
Pass,353,354,row 353
Pass,354,355,row 354
Pass,355,356,row 355
Pass,356,357,row 356
Pass,357,358,row 357
Pass,358,359,row 358
Pass,359,360,row 359
Pass,360,361,row 360
Pass,361,362,row 361
Pass,362,363,row 362
Pass,363,364,row 363
Pass,364,365,row 364
Pass,365,366,row 365
Pass,366,367,row 366
Pass,367,368,row 367
Pass,368,369,row 368
Pass,369,370,row 369
Pass,370,371,row 370
Pass,371,372,row 371
Pass,372,373,row 372
Pass,373,374,row 373
Pass,374,375,row 374
Pass,375,376,row 375
Pass,376,377,row 376
Pass,377,378,row 377
Pass,378,379,row 378
Pass,379,380,row 379
Pass,380,381,row 380
Pass,381,382,row 381
Pass,382,383,row 382
Pass,383,384,row 383
Pass,384,385,row 384
Pass,385,386,row 385
Pass,386,387,row 386
Pass,387,388,row 387
Pass,388,389,row 388
Pass,389,390,row 389
Pass,390,391,row 390
Pass,391,392,row 391
Pass,392,393,row 392
Pass,393,394,row 393
Pass,394,395,row 394
Pass,395,396,row 395
Pass,396,397,row 396
Pass,397,398,row 397
Pass,398,399,row 398
Pass,399,400,row 399
Pass,400,401,row 400
Pass,401,402,row 401
Pass,402,403,row 402
Pass,403,404,row 403
Pass,404,405,row 404
Pass,405,406,row 405
Pass,406,407,row 406
Pass,407,408,row 407
Pass,408,409,row 408
Pass,409,410,row 409
Pass,410,411,row 410
Pass,411,412,row 411
Pass,412,413,row 412
Pass,413,414,row 413
Pass,414,415,row 414
Pass,415,416,row 415
Pass,416,417,row 416
Pass,417,418,row 417
Pass,418,419,row 418
Pass,419,420,row 419
Pass,420,421,row 420
Pass,421,422,row 421
Pass,422,423,row 422
Pass,423,424,row 423
Pass,424,425,row 424
Pass,425,426,row 425
Pass,426,427,row 426
Pass,427,428,row 427
Pass,428,429,row 428
Pass,429,430,row 429
Pass,430,431,row 430
Pass,431,432,row 431
Pass,432,433,row 432
Pass,433,434,row 433
Pass,434,435,row 434
Pass,435,436,row 435
Pass,436,437,row 436
Pass,437,438,row 437
Pass,438,439,row 438
Pass,439,440,row 439
Pass,440,441,row 440
Pass,441,442,row 441
Pass,442,443,row 442
Pass,443,444,row 443
Pass,444,445,row 444
Pass,445,446,row 445
Pass,446,447,row 446
Pass,447,448,row 447
Pass,448,449,row 448
Pass,449,450,row 449
Pass,450,451,row 450
Pass,451,452,row 451
Pass,452,453,row 452
Pass,453,454,row 453
Pass,454,455,row 454
Pass,455,456,row 455
Pass,456,457,row 456
Pass,457,458,row 457
Pass,458,459,row 458
Pass,459,460,row 459
Pass,460,461,row 460
Pass,461,462,row 461
Pass,462,463,row 462
Pass,463,464,row 463
Pass,464,465,row 464
Pass,465,466,row 465
Pass,466,467,row 466
Pass,467,468,row 467
Pass,468,469,row 468
Pass,469,470,row 469
Pass,470,471,row 470
Pass,471,472,row 471
Pass,472,473,row 472
Pass,473,474,row 473
Pass,474,475,row 474
Pass,475,476,row 475
Pass,476,477,row 476
Pass,477,478,row 477
Pass,478,479,row 478
Pass,479,480,row 479
Pass,480,481,row 480
Pass,481,482,row 481
Pass,482,483,row 482
Pass,483,484,row 483
Pass,484,485,row 484
Pass,485,486,row 485
Pass,486,487,row 486
Pass,487,488,row 487
Pass,488,489,row 488
Pass,489,490,row 489
Pass,490,491,row 490
Pass,491,492,row 491
Pass,492,493,row 492
Pass,493,494,row 493
Pass,494,495,row 494
Pass,495,496,row 495
Pass,496,497,row 496
Pass,497,498,row 497
Pass,498,499,row 498
Pass,499,500,row 499
Pass,500,501,row 500
Pass,501,502,row 501
Pass,502,503,row 502
Pass,503,504,row 503
Pass,504,505,row 504
Pass,505,506,row 505
Pass,506,507,row 506
Pass,507,508,row 507
Pass,508,509,row 508
Pass,509,510,row 509
Pass,510,511,row 510
Pass,511,512,row 511
Pass,512,513,row 512
Pass,513,514,row 513
Pass,514,515,row 514
Pass,515,516,row 515
Pass,516,517,row 516
Pass,517,518,row 517
Pass,518,519,row 518
Pass,519,520,row 519
Pass,520,521,row 520
Pass,521,522,row 521
Pass,522,523,row 522
Pass,523,524,row 523
Pass,524,525,row 524
Pass,525,526,row 525
Pass,526,527,row 526
Pass,527,528,row 527
Pass,528,529,row 528
Pass,529,530,row 529
Pass,530,531,row 530
Pass,531,532,row 531
Pass,532,533,row 532
Pass,533,534,row 533
Pass,534,535,row 534
Pass,535,536,row 535
Pass,536,537,row 536
Pass,537,538,row 537
Pass,538,539,row 538
Pass,539,540,row 539
Pass,540,541,row 540
Pass,541,542,row 541
Pass,542,543,row 542
Pass,543,544,row 543
Pass,544,545,row 544
Pass,545,546,row 545
Pass,546,547,row 546
Pass,547,548,row 547
Pass,548,549,row 548
Pass,549,550,row 549
Pass,550,551,row 550
Pass,551,552,row 551
Pass,552,553,row 552
Pass,553,554,row 553
Pass,554,555,row 554
Pass,555,556,row 555
Pass,556,557,row 556
Pass,557,558,row 557
Pass,558,559,row 558
Pass,559,560,row 559
Pass,560,561,row 560
Pass,561,562,row 561
Pass,562,563,row 562
Pass,563,564,row 563
Pass,564,565,row 564
Pass,565,566,row 565
Pass,566,567,row 566
Pass,567,568,row 567
Pass,568,569,row 568
Pass,569,570,row 569
Pass,570,571,row 570
Pass,571,572,row 571
Pass,572,573,row 572
Pass,573,574,row 573
Pass,574,575,row 574
Pass,575,576,row 575
Pass,576,577,row 576
Pass,577,578,row 577
Pass,578,579,row 578
Pass,579,580,row 579
Pass,580,581,row 580
Pass,581,582,row 581
Pass,582,583,row 582
Pass,583,584,row 583
Pass,584,585,row 584
Pass,585,586,row 585
Pass,586,587,row 586
Pass,587,588,row 587
Pass,588,589,row 588
Pass,589,590,row 589
Pass,590,591,row 590
Pass,591,592,row 591
Pass,592,593,row 592
Pass,593,594,row 593
Pass,594,595,row 594
Pass,595,596,row 595
Pass,596,597,row 596
Pass,597,598,row 597
Pass,598,599,row 598
Pass,599,600,row 599
Pass,600,601,row 600
Pass,601,602,row 601
Pass,602,603,row 602
Pass,603,604,row 603
Pass,604,605,row 604
Pass,605,606,row 605
Pass,606,607,row 606
Pass,607,608,row 607
Pass,608,609,row 608
Pass,609,610,row 609
Pass,610,611,row 610
Pass,611,612,row 611
Pass,612,613,row 612
Pass,613,614,row 613
Pass,614,615,row 614
Pass,615,616,row 615
Pass,616,617,row 616
Pass,617,618,row 617
Pass,618,619,row 618
Pass,619,620,row 619
Pass,620,621,row 620
Pass,621,622,row 621
Pass,622,623,row 622
Pass,623,624,row 623
Pass,624,625,row 624
Pass,625,626,row 625
Pass,626,627,row 626
Pass,627,628,row 627
Pass,628,629,row 628
Pass,629,630,row 629
Pass,630,631,row 630
Pass,631,632,row 631
Pass,632,633,row 632
Pass,633,634,row 633
Pass,634,635,row 634
Pass,635,636,row 635
Pass,636,637,row 636
Pass,637,638,row 637
Pass,638,639,row 638
Pass,639,640,row 639
Pass,640,641,row 640
Pass,641,642,row 641
Pass,642,643,row 642
Pass,643,644,row 643
Pass,644,645,row 644
Pass,645,646,row 645
Pass,646,647,row 646
Pass,647,648,row 647
Pass,648,649,row 648
Pass,649,650,row 649
Pass,650,651,row 650
Pass,651,652,row 651
Pass,652,653,row 652
Pass,653,654,row 653
Pass,654,655,row 654
Pass,655,656,row 655
Pass,656,657,row 656
Pass,657,658,row 657
Pass,658,659,row 658
Pass,659,660,row 659
Pass,660,661,row 660
Pass,661,662,row 661
Pass,662,663,row 662
Pass,663,664,row 663
Pass,664,665,row 664
Pass,665,666,row 665
Pass,666,667,row 666
Pass,667,668,row 667
Pass,668,669,row 668
Pass,669,670,row 669
Pass,670,671,row 670
Pass,671,672,row 671
Pass,672,673,row 672
Pass,673,674,row 673
Pass,674,675,row 674
Pass,675,676,row 675
Pass,676,677,row 676
Pass,677,678,row 677
Pass,678,679,row 678
Pass,679,680,row 679
Pass,680,681,row 680
Pass,681,682,row 681
Pass,682,683,row 682
Pass,683,684,row 683
Pass,684,685,row 684
Pass,685,686,row 685
Pass,686,687,row 686
Pass,687,688,row 687
Pass,688,689,row 688
Pass,689,690,row 689
Pass,690,691,row 690
Pass,691,692,row 691
Pass,692,693,row 692
Pass,693,694,row 693
Pass,694,695,row 694
Pass,695,696,row 695
Pass,696,697,row 696
Pass,697,698,row 697
Pass,698,699,row 698
Pass,699,700,row 699
Pass,700,701,row 700
Pass,701,702,row 701
Pass,702,703,row 702
Pass,703,704,row 703
Pass,704,705,row 704
Pass,705,706,row 705
Pass,706,707,row 706
Pass,707,708,row 707
Pass,708,709,row 708
Pass,709,710,row 709
Pass,710,711,row 710
Pass,711,712,row 711
Pass,712,713,row 712
Pass,713,714,row 713
Pass,714,715,row 714
Pass,715,716,row 715
Pass,716,717,row 716
Pass,717,718,row 717
Pass,718,719,row 718
Pass,719,720,row 719
Pass,720,721,row 720
Pass,721,722,row 721
Pass,722,723,row 722
Pass,723,724,row 723
Pass,724,725,row 724
Pass,725,726,row 725
Pass,726,727,row 726
Pass,727,728,row 727
Pass,728,729,row 728
Pass,729,730,row 729
Pass,730,731,row 730
Pass,731,732,row 731
Pass,732,733,row 732
Pass,733,734,row 733
Pass,734,735,row 734
Pass,735,736,row 735
Pass,736,737,row 736
Pass,737,738,row 737
Pass,738,739,row 738
Pass,739,740,row 739
Pass,740,741,row 740
Pass,741,742,row 741
Pass,742,743,row 742
Pass,743,744,row 743
Pass,744,745,row 744
Pass,745,746,row 745
Pass,746,747,row 746
Pass,747,748,row 747
Pass,748,749,row 748
Pass,749,750,row 749
Pass,750,751,row 750
Pass,751,752,row 751
Pass,752,753,row 752
Pass,753,754,row 753
Pass,754,755,row 754
Pass,755,756,row 755
Pass,756,757,row 756
Pass,757,758,row 757
Pass,758,759,row 758
Pass,759,760,row 759
Pass,760,761,row 760
Pass,761,762,row 761
Pass,762,763,row 762
Pass,763,764,row 763
Pass,764,765,row 764
Pass,765,766,row 765
Pass,766,767,row 766
Pass,767,768,row 767
Pass,768,769,row 768
Pass,769,770,row 769
Pass,770,771,row 770
Pass,771,772,row 771
Pass,772,773,row 772
Pass,773,774,row 773
Pass,774,775,row 774
Pass,775,776,row 775
Pass,776,777,row 776
Pass,777,778,row 777
Pass,778,779,row 778
Pass,779,780,row 779
Pass,780,781,row 780
Pass,781,782,row 781
Pass,782,783,row 782
Pass,783,784,row 783
Pass,784,785,row 784
Pass,785,786,row 785
Pass,786,787,row 786
Pass,787,788,row 787
Pass,788,789,row 788
Pass,789,790,row 789
Pass,790,791,row 790
Pass,791,792,row 791
Pass,792,793,row 792
Pass,793,794,row 793
Pass,794,795,row 794
Pass,795,796,row 795
Pass,796,797,row 796
Pass,797,798,row 797
Pass,798,799,row 798
Pass,799,800,row 799
Pass,800,801,row 800
Pass,801,802,row 801
Pass,802,803,row 802
Pass,803,804,row 803
Pass,804,805,row 804
Pass,805,806,row 805
Pass,806,807,row 806
Pass,807,808,row 807
Pass,808,809,row 808
Pass,809,810,row 809
Pass,810,811,row 810
Pass,811,812,row 811
Pass,812,813,row 812
Pass,813,814,row 813
Pass,814,815,row 814
Pass,815,816,row 815
Pass,816,817,row 816
Pass,817,818,row 817
Pass,818,819,row 818
Pass,819,820,row 819
Pass,820,821,row 820
Pass,821,822,row 821
Pass,822,823,row 822
Pass,823,824,row 823
Pass,824,825,row 824
Pass,825,826,row 825
Pass,826,827,row 826
Pass,827,828,row 827
Pass,828,829,row 828
Pass,829,830,row 829
Pass,830,831,row 830
Pass,831,832,row 831
Pass,832,833,row 832
Pass,833,834,row 833
Pass,834,835,row 834
Pass,835,836,row 835
Pass,836,837,row 836
Pass,837,838,row 837
Pass,838,839,row 838
Pass,839,840,row 839
Pass,840,841,row 840
Pass,841,842,row 841
Pass,842,843,row 842
Pass,843,844,row 843
Pass,844,845,row 844
Pass,845,846,row 845
Pass,846,847,row 846
Pass,847,848,row 847
Pass,848,849,row 848
Pass,849,850,row 849
Pass,850,851,row 850
Pass,851,852,row 851
Pass,852,853,row 852
Pass,853,854,row 853
Pass,854,855,row 854
Pass,855,856,row 855
Pass,856,857,row 856
Pass,857,858,row 857
Pass,858,859,row 858
Pass,859,860,row 859
Pass,860,861,row 860
Pass,861,862,row 861
Pass,862,863,row 862
Pass,863,864,row 863
Pass,864,865,row 864
Pass,865,866,row 865
Pass,866,867,row 866
Pass,867,868,row 867
Pass,868,869,row 868
Pass,869,870,row 869
Pass,870,871,row 870
Pass,871,872,row 871
Pass,872,873,row 872
Pass,873,874,row 873
Pass,874,875,row 874
Pass,875,876,row 875
Pass,876,877,row 876
Pass,877,878,row 877
Pass,878,879,row 878
Pass,879,880,row 879
Pass,880,881,row 880
Pass,881,882,row 881
Pass,882,883,row 882
Pass,883,884,row 883
Pass,884,885,row 884
Pass,885,886,row 885
Pass,886,887,row 886
Pass,887,888,row 887
Pass,888,889,row 888
Pass,889,890,row 889
Pass,890,891,row 890
Pass,891,892,row 891
Pass,892,893,row 892
Pass,893,894,row 893
Pass,894,895,row 894
Pass,895,896,row 895
Pass,896,897,row 896
Pass,897,898,row 897
Pass,898,899,row 898
Pass,899,900,row 899
Pass,900,901,row 900
Pass,901,902,row 901
Pass,902,903,row 902
Pass,903,904,row 903
Pass,904,905,row 904
Pass,905,906,row 905
Pass,906,907,row 906
Pass,907,908,row 907
Pass,908,909,row 908
Pass,909,910,row 909
Pass,910,911,row 910
Pass,911,912,row 911
Pass,912,913,row 912
Pass,913,914,row 913
Pass,914,915,row 914
Pass,915,916,row 915
Pass,916,917,row 916
Pass,917,918,row 917
Pass,918,919,row 918
Pass,919,920,row 919
Pass,920,921,row 920
Pass,921,922,row 921
Pass,922,923,row 922
Pass,923,924,row 923
Pass,924,925,row 924
Pass,925,926,row 925
Pass,926,927,row 926
Pass,927,928,row 927
Pass,928,929,row 928
Pass,929,930,row 929
Pass,930,931,row 930
Pass,931,932,row 931
Pass,932,933,row 932
Pass,933,934,row 933
Pass,934,935,row 934
Pass,935,936,row 935
Pass,936,937,row 936
Pass,937,938,row 937
Pass,938,939,row 938
Pass,939,940,row 939
Pass,940,941,row 940
Pass,941,942,row 941
Pass,942,943,row 942
Pass,943,944,row 943
Pass,944,945,row 944
Pass,945,946,row 945
Pass,946,947,row 946
Pass,947,948,row 947
Pass,948,949,row 948
Pass,949,950,row 949
Pass,950,951,row 950
Pass,951,952,row 951
Pass,952,953,row 952
Pass,953,954,row 953
Pass,954,955,row 954
Pass,955,956,row 955
Pass,956,957,row 956
Pass,957,958,row 957
Pass,958,959,row 958
Pass,959,960,row 959
Pass,960,961,row 960
Pass,961,962,row 961
Pass,962,963,row 962
Pass,963,964,row 963
Pass,964,965,row 964
Pass,965,966,row 965
Pass,966,967,row 966
Pass,967,968,row 967
Pass,968,969,row 968
Pass,969,970,row 969
Pass,970,971,row 970
Pass,971,972,row 971
Pass,972,973,row 972
Pass,973,974,row 973
Pass,974,975,row 974
Pass,975,976,row 975
Pass,976,977,row 976
Pass,977,978,row 977
Pass,978,979,row 978
Pass,979,980,row 979
Pass,980,981,row 980
Pass,981,982,row 981
Pass,982,983,row 982
Pass,983,984,row 983
Pass,984,985,row 984
Pass,985,986,row 985
Pass,986,987,row 986
Pass,987,988,row 987
Pass,988,989,row 988
Pass,989,990,row 989
Pass,990,991,row 990
Pass,991,992,row 991
Pass,992,993,row 992
Pass,993,994,row 993
Pass,994,995,row 994
Pass,995,996,row 995
Pass,996,997,row 996
Pass,997,998,row 997
Pass,998,999,row 998
Pass,999,1000,row 999
Pass,1000,1001,row 1000
Pass,1001,1002,row 1001
Pass,1002,1003,row 1002
Pass,1003,1004,row 1003
Pass,1004,1005,row 1004
Pass,1005,1006,row 1005
Pass,1006,1007,row 1006
Pass,1007,1008,row 1007
Pass,1008,1009,row 1008
Pass,1009,1010,row 1009
Pass,1010,1011,row 1010
Pass,1011,1012,row 1011
Pass,1012,1013,row 1012
Pass,1013,1014,row 1013
Pass,1014,1015,row 1014
Pass,1015,1016,row 1015
Pass,1016,1017,row 1016
Pass,1017,1018,row 1017
Pass,1018,1019,row 1018
Pass,1019,1020,row 1019
Pass,1020,1021,row 1020
Pass,1021,1022,row 1021
Pass,1022,1023,row 1022
Pass,1023,1024,row 1023
Pass,1024,1025,row 1024
Pass,1025,1026,row 1025
Pass,1026,1027,row 1026
Pass,1027,1028,row 1027
Pass,1028,1029,row 1028
Pass,1029,1030,row 1029
Pass,1030,1031,row 1030
Pass,1031,1032,row 1031
Pass,1032,1033,row 1032
Pass,1033,1034,row 1033
Pass,1034,1035,row 1034
Pass,1035,1036,row 1035
Pass,1036,1037,row 1036
Pass,1037,1038,row 1037
Pass,1038,1039,row 1038
Pass,1039,1040,row 1039
Pass,1040,1041,row 1040
Pass,1041,1042,row 1041
Pass,1042,1043,row 1042
Pass,1043,1044,row 1043
Pass,1044,1045,row 1044
Pass,1045,1046,row 1045
Pass,1046,1047,row 1046
Pass,1047,1048,row 1047
Pass,1048,1049,row 1048
Pass,1049,1050,row 1049
Pass,1050,1051,row 1050
Pass,1051,1052,row 1051
Pass,1052,1053,row 1052
Pass,1053,1054,row 1053
Pass,1054,1055,row 1054
Pass,1055,1056,row 1055
Pass,1056,1057,row 1056
Pass,1057,1058,row 1057
Pass,1058,1059,row 1058
Pass,1059,1060,row 1059
Pass,1060,1061,row 1060
Pass,1061,1062,row 1061
Pass,1062,1063,row 1062
Pass,1063,1064,row 1063
Pass,1064,1065,row 1064
Pass,1065,1066,row 1065
Pass,1066,1067,row 1066
Pass,1067,1068,row 1067
Pass,1068,1069,row 1068
Pass,1069,1070,row 1069
Pass,1070,1071,row 1070
Pass,1071,1072,row 1071
Pass,1072,1073,row 1072
Pass,1073,1074,row 1073
Pass,1074,1075,row 1074
Pass,1075,1076,row 1075
Pass,1076,1077,row 1076
Pass,1077,1078,row 1077
Pass,1078,1079,row 1078
Pass,1079,1080,row 1079
Pass,1080,1081,row 1080
Pass,1081,1082,row 1081
Pass,1082,1083,row 1082
Pass,1083,1084,row 1083
Pass,1084,1085,row 1084
Pass,1085,1086,row 1085
Pass,1086,1087,row 1086
Pass,1087,1088,row 1087
Pass,1088,1089,row 1088
Pass,1089,1090,row 1089
Pass,1090,1091,row 1090
Pass,1091,1092,row 1091
Pass,1092,1093,row 1092
Pass,1093,1094,row 1093
Pass,1094,1095,row 1094
Pass,1095,1096,row 1095
Pass,1096,1097,row 1096
Pass,1097,1098,row 1097
Pass,1098,1099,row 1098
Pass,1099,1100,row 1099
Pass,1100,1101,row 1100
Pass,1101,1102,row 1101
Pass,1102,1103,row 1102
Pass,1103,1104,row 1103
Pass,1104,1105,row 1104
Pass,1105,1106,row 1105
Pass,1106,1107,row 1106
Pass,1107,1108,row 1107
Pass,1108,1109,row 1108
Pass,1109,1110,row 1109
Pass,1110,1111,row 1110
Pass,1111,1112,row 1111
Pass,1112,1113,row 1112
Pass,1113,1114,row 1113
Pass,1114,1115,row 1114
Pass,1115,1116,row 1115
Pass,1116,1117,row 1116
Pass,1117,1118,row 1117
Pass,1118,1119,row 1118
Pass,1119,1120,row 1119
Pass,1120,1121,row 1120
Pass,1121,1122,row 1121
Pass,1122,1123,row 1122
Pass,1123,1124,row 1123
Pass,1124,1125,row 1124
Pass,1125,1126,row 1125
Pass,1126,1127,row 1126
Pass,1127,1128,row 1127
Pass,1128,1129,row 1128
Pass,1129,1130,row 1129
Pass,1130,1131,row 1130
Pass,1131,1132,row 1131
Pass,1132,1133,row 1132
Pass,1133,1134,row 1133
Pass,1134,1135,row 1134
Pass,1135,1136,row 1135
Pass,1136,1137,row 1136
Pass,1137,1138,row 1137
Pass,1138,1139,row 1138
Pass,1139,1140,row 1139
Pass,1140,1141,row 1140
Pass,1141,1142,row 1141
Pass,1142,1143,row 1142
Pass,1143,1144,row 1143
Pass,1144,1145,row 1144
Pass,1145,1146,row 1145
Pass,1146,1147,row 1146
Pass,1147,1148,row 1147
Pass,1148,1149,row 1148
Pass,1149,1150,row 1149
Pass,1150,1151,row 1150
Pass,1151,1152,row 1151
Pass,1152,1153,row 1152
Pass,1153,1154,row 1153
Pass,1154,1155,row 1154
Pass,1155,1156,row 1155
Pass,1156,1157,row 1156
Pass,1157,1158,row 1157
Pass,1158,1159,row 1158
Pass,1159,1160,row 1159
Pass,1160,1161,row 1160
Pass,1161,1162,row 1161
Pass,1162,1163,row 1162
Pass,1163,1164,row 1163
Pass,1164,1165,row 1164
Pass,1165,1166,row 1165
Pass,1166,1167,row 1166
Pass,1167,1168,row 1167
Pass,1168,1169,row 1168
Pass,1169,1170,row 1169
Pass,1170,1171,row 1170
Pass,1171,1172,row 1171
Pass,1172,1173,row 1172
Pass,1173,1174,row 1173
Pass,1174,1175,row 1174
Pass,1175,1176,row 1175
Pass,1176,1177,row 1176
Pass,1177,1178,row 1177
Pass,1178,1179,row 1178
Pass,1179,1180,row 1179
Pass,1180,1181,row 1180
Pass,1181,1182,row 1181
Pass,1182,1183,row 1182
Pass,1183,1184,row 1183
Pass,1184,1185,row 1184
Pass,1185,1186,row 1185
Pass,1186,1187,row 1186
Pass,1187,1188,row 1187
Pass,1188,1189,row 1188
Pass,1189,1190,row 1189
Pass,1190,1191,row 1190
Pass,1191,1192,row 1191
Pass,1192,1193,row 1192
Pass,1193,1194,row 1193
Pass,1194,1195,row 1194
Pass,1195,1196,row 1195
Pass,1196,1197,row 1196
Pass,1197,1198,row 1197
Pass,1198,1199,row 1198
Pass,1199,1200,row 1199
Pass,1200,1201,row 1200
Pass,1201,1202,row 1201
Pass,1202,1203,row 1202
Pass,1203,1204,row 1203
Pass,1204,1205,row 1204
Pass,1205,1206,row 1205
Pass,1206,1207,row 1206
Pass,1207,1208,row 1207
Pass,1208,1209,row 1208
Pass,1209,1210,row 1209
Pass,1210,1211,row 1210
Pass,1211,1212,row 1211
Pass,1212,1213,row 1212
Pass,1213,1214,row 1213
Pass,1214,1215,row 1214
Pass,1215,1216,row 1215
Pass,1216,1217,row 1216
Pass,1217,1218,row 1217
Pass,1218,1219,row 1218
Pass,1219,1220,row 1219
Pass,1220,1221,row 1220
Pass,1221,1222,row 1221
Pass,1222,1223,row 1222
Pass,1223,1224,row 1223
Pass,1224,1225,row 1224
Pass,1225,1226,row 1225
Pass,1226,1227,row 1226
Pass,1227,1228,row 1227
Pass,1228,1229,row 1228
Pass,1229,1230,row 1229
Pass,1230,1231,row 1230
Pass,1231,1232,row 1231
Pass,1232,1233,row 1232
Pass,1233,1234,row 1233
Pass,1234,1235,row 1234
Pass,1235,1236,row 1235
Pass,1236,1237,row 1236
Pass,1237,1238,row 1237
Pass,1238,1239,row 1238
Pass,1239,1240,row 1239
Pass,1240,1241,row 1240
Pass,1241,1242,row 1241
Pass,1242,1243,row 1242
Pass,1243,1244,row 1243
Pass,1244,1245,row 1244
Pass,1245,1246,row 1245
Pass,1246,1247,row 1246
Pass,1247,1248,row 1247
Pass,1248,1249,row 1248
Pass,1249,1250,row 1249
Pass,1250,1251,row 1250
Pass,1251,1252,row 1251
Pass,1252,1253,row 1252
Pass,1253,1254,row 1253
Pass,1254,1255,row 1254
Pass,1255,1256,row 1255
Pass,1256,1257,row 1256
Pass,1257,1258,row 1257
Pass,1258,1259,row 1258
Pass,1259,1260,row 1259
Pass,1260,1261,row 1260
Pass,1261,1262,row 1261
Pass,1262,1263,row 1262
Pass,1263,1264,row 1263
Pass,1264,1265,row 1264
Pass,1265,1266,row 1265
Pass,1266,1267,row 1266
Pass,1267,1268,row 1267
Pass,1268,1269,row 1268
Pass,1269,1270,row 1269
Pass,1270,1271,row 1270
Pass,1271,1272,row 1271
Pass,1272,1273,row 1272
Pass,1273,1274,row 1273
Pass,1274,1275,row 1274
Pass,1275,1276,row 1275
Pass,1276,1277,row 1276
Pass,1277,1278,row 1277
Pass,1278,1279,row 1278
Pass,1279,1280,row 1279
Pass,1280,1281,row 1280
Pass,1281,1282,row 1281
Pass,1282,1283,row 1282
Pass,1283,1284,row 1283
Pass,1284,1285,row 1284
Pass,1285,1286,row 1285
Pass,1286,1287,row 1286
Pass,1287,1288,row 1287
Pass,1288,1289,row 1288
Pass,1289,1290,row 1289
Pass,1290,1291,row 1290
Pass,1291,1292,row 1291
Pass,1292,1293,row 1292
Pass,1293,1294,row 1293
Pass,1294,1295,row 1294
Pass,1295,1296,row 1295
Pass,1296,1297,row 1296
Pass,1297,1298,row 1297
Pass,1298,1299,row 1298
Pass,1299,1300,row 1299
Pass,1300,1301,row 1300
Pass,1301,1302,row 1301
Pass,1302,1303,row 1302
Pass,1303,1304,row 1303
Pass,1304,1305,row 1304
Pass,1305,1306,row 1305
Pass,1306,1307,row 1306
Pass,1307,1308,row 1307
Pass,1308,1309,row 1308
Pass,1309,1310,row 1309
Pass,1310,1311,row 1310
Pass,1311,1312,row 1311
Pass,1312,1313,row 1312
Pass,1313,1314,row 1313
Pass,1314,1315,row 1314
Pass,1315,1316,row 1315
Pass,1316,1317,row 1316
Pass,1317,1318,row 1317
Pass,1318,1319,row 1318
Pass,1319,1320,row 1319
Pass,1320,1321,row 1320
Pass,1321,1322,row 1321
Pass,1322,1323,row 1322
Pass,1323,1324,row 1323
Pass,1324,1325,row 1324
Pass,1325,1326,row 1325
Pass,1326,1327,row 1326
Pass,1327,1328,row 1327
Pass,1328,1329,row 1328
Pass,1329,1330,row 1329
Pass,1330,1331,row 1330
Pass,1331,1332,row 1331
Pass,1332,1333,row 1332
Pass,1333,1334,row 1333
Pass,1334,1335,row 1334
Pass,1335,1336,row 1335
Pass,1336,1337,row 1336
Pass,1337,1338,row 1337
Pass,1338,1339,row 1338
Pass,1339,1340,row 1339
Pass,1340,1341,row 1340
Pass,1341,1342,row 1341
Pass,1342,1343,row 1342
Pass,1343,1344,row 1343
Pass,1344,1345,row 1344
Pass,1345,1346,row 1345
Pass,1346,1347,row 1346
Pass,1347,1348,row 1347
Pass,1348,1349,row 1348
Pass,1349,1350,row 1349
Pass,1350,1351,row 1350
Pass,1351,1352,row 1351
Pass,1352,1353,row 1352
Pass,1353,1354,row 1353
Pass,1354,1355,row 1354
Pass,1355,1356,row 1355
Pass,1356,1357,row 1356
Pass,1357,1358,row 1357
Pass,1358,1359,row 1358
Pass,1359,1360,row 1359
Pass,1360,1361,row 1360
Pass,1361,1362,row 1361
Pass,1362,1363,row 1362
Pass,1363,1364,row 1363
Pass,1364,1365,row 1364
Pass,1365,1366,row 1365
Pass,1366,1367,row 1366
Pass,1367,1368,row 1367
Pass,1368,1369,row 1368
Pass,1369,1370,row 1369
Pass,1370,1371,row 1370
Pass,1371,1372,row 1371
Pass,1372,1373,row 1372
Pass,1373,1374,row 1373
Pass,1374,1375,row 1374
Pass,1375,1376,row 1375
Pass,1376,1377,row 1376
Pass,1377,1378,row 1377
Pass,1378,1379,row 1378
Pass,1379,1380,row 1379
Pass,1380,1381,row 1380
Pass,1381,1382,row 1381
Pass,1382,1383,row 1382
Pass,1383,1384,row 1383
Pass,1384,1385,row 1384
Pass,1385,1386,row 1385
Pass,1386,1387,row 1386
Pass,1387,1388,row 1387
Pass,1388,1389,row 1388
Pass,1389,1390,row 1389
Pass,1390,1391,row 1390
Pass,1391,1392,row 1391
Pass,1392,1393,row 1392
Pass,1393,1394,row 1393
Pass,1394,1395,row 1394
Pass,1395,1396,row 1395
Pass,1396,1397,row 1396
Pass,1397,1398,row 1397
Pass,1398,1399,row 1398
Pass,1399,1400,row 1399
Pass,1400,1401,row 1400
Pass,1401,1402,row 1401
Pass,1402,1403,row 1402
Pass,1403,1404,row 1403
Pass,1404,1405,row 1404
Pass,1405,1406,row 1405
Pass,1406,1407,row 1406
Pass,1407,1408,row 1407
Pass,1408,1409,row 1408
Pass,1409,1410,row 1409
Pass,1410,1411,row 1410
Pass,1411,1412,row 1411
Pass,1412,1413,row 1412
Pass,1413,1414,row 1413
Pass,1414,1415,row 1414
Pass,1415,1416,row 1415
Pass,1416,1417,row 1416
Pass,1417,1418,row 1417
Pass,1418,1419,row 1418
Pass,1419,1420,row 1419
Pass,1420,1421,row 1420
Pass,1421,1422,row 1421
Pass,1422,1423,row 1422
Pass,1423,1424,row 1423
Pass,1424,1425,row 1424
Pass,1425,1426,row 1425
Pass,1426,1427,row 1426
Pass,1427,1428,row 1427
Pass,1428,1429,row 1428
Pass,1429,1430,row 1429
Pass,1430,1431,row 1430
Pass,1431,1432,row 1431
Pass,1432,1433,row 1432
Pass,1433,1434,row 1433
Pass,1434,1435,row 1434
Pass,1435,1436,row 1435
Pass,1436,1437,row 1436
Pass,1437,1438,row 1437
Pass,1438,1439,row 1438
Pass,1439,1440,row 1439
Pass,1440,1441,row 1440
Pass,1441,1442,row 1441
Pass,1442,1443,row 1442
Pass,1443,1444,row 1443
Pass,1444,1445,row 1444
Pass,1445,1446,row 1445
Pass,1446,1447,row 1446
Pass,1447,1448,row 1447
Pass,1448,1449,row 1448
Pass,1449,1450,row 1449
Pass,1450,1451,row 1450
Pass,1451,1452,row 1451
Pass,1452,1453,row 1452
Pass,1453,1454,row 1453
Pass,1454,1455,row 1454
Pass,1455,1456,row 1455
Pass,1456,1457,row 1456
Pass,1457,1458,row 1457
Pass,1458,1459,row 1458
Pass,1459,1460,row 1459
Pass,1460,1461,row 1460
Pass,1461,1462,row 1461
Pass,1462,1463,row 1462
Pass,1463,1464,row 1463
Pass,1464,1465,row 1464
Pass,1465,1466,row 1465
Pass,1466,1467,row 1466
Pass,1467,1468,row 1467
Pass,1468,1469,row 1468
Pass,1469,1470,row 1469
Pass,1470,1471,row 1470
Pass,1471,1472,row 1471
Pass,1472,1473,row 1472
Pass,1473,1474,row 1473
Pass,1474,1475,row 1474
Pass,1475,1476,row 1475
Pass,1476,1477,row 1476
Pass,1477,1478,row 1477
Pass,1478,1479,row 1478
Pass,1479,1480,row 1479
Pass,1480,1481,row 1480
Pass,1481,1482,row 1481
Pass,1482,1483,row 1482
Pass,1483,1484,row 1483
Pass,1484,1485,row 1484
Pass,1485,1486,row 1485
Pass,1486,1487,row 1486
Pass,1487,1488,row 1487
Pass,1488,1489,row 1488
Pass,1489,1490,row 1489
Pass,1490,1491,row 1490
Pass,1491,1492,row 1491
Pass,1492,1493,row 1492
Pass,1493,1494,row 1493
Pass,1494,1495,row 1494
Pass,1495,1496,row 1495
Pass,1496,1497,row 1496
Pass,1497,1498,row 1497
Pass,1498,1499,row 1498
Pass,1499,1500,row 1499
Pass,1500,1501,row 1500
Pass,1501,1502,row 1501
Pass,1502,1503,row 1502
Pass,1503,1504,row 1503
Pass,1504,1505,row 1504
Pass,1505,1506,row 1505
Pass,1506,1507,row 1506
Pass,1507,1508,row 1507
Pass,1508,1509,row 1508
Pass,1509,1510,row 1509
Pass,1510,1511,row 1510
Pass,1511,1512,row 1511
Pass,1512,1513,row 1512
Pass,1513,1514,row 1513
Pass,1514,1515,row 1514
Pass,1515,1516,row 1515
Pass,1516,1517,row 1516
Pass,1517,1518,row 1517
Pass,1518,1519,row 1518
Pass,1519,1520,row 1519
Pass,1520,1521,row 1520
Pass,1521,1522,row 1521
Pass,1522,1523,row 1522
Pass,1523,1524,row 1523
Pass,1524,1525,row 1524
Pass,1525,1526,row 1525
Pass,1526,1527,row 1526
Pass,1527,1528,row 1527
Pass,1528,1529,row 1528
Pass,1529,1530,row 1529
Pass,1530,1531,row 1530
Pass,1531,1532,row 1531
Pass,1532,1533,row 1532
Pass,1533,1534,row 1533
Pass,1534,1535,row 1534
Pass,1535,1536,row 1535
Pass,1536,1537,row 1536
Pass,1537,1538,row 1537
Pass,1538,1539,row 1538
Pass,1539,1540,row 1539
Pass,1540,1541,row 1540
Pass,1541,1542,row 1541
Pass,1542,1543,row 1542
Pass,1543,1544,row 1543
Pass,1544,1545,row 1544
Pass,1545,1546,row 1545
Pass,1546,1547,row 1546
Pass,1547,1548,row 1547
Pass,1548,1549,row 1548
Pass,1549,1550,row 1549
Pass,1550,1551,row 1550
Pass,1551,1552,row 1551
Pass,1552,1553,row 1552
Pass,1553,1554,row 1553
Pass,1554,1555,row 1554
Pass,1555,1556,row 1555
Pass,1556,1557,row 1556
Pass,1557,1558,row 1557
Pass,1558,1559,row 1558
Pass,1559,1560,row 1559
Pass,1560,1561,row 1560
Pass,1561,1562,row 1561
Pass,1562,1563,row 1562
Pass,1563,1564,row 1563
Pass,1564,1565,row 1564
Pass,1565,1566,row 1565
Pass,1566,1567,row 1566
Pass,1567,1568,row 1567
Pass,1568,1569,row 1568
Pass,1569,1570,row 1569
Pass,1570,1571,row 1570
Pass,1571,1572,row 1571
Pass,1572,1573,row 1572
Pass,1573,1574,row 1573
Pass,1574,1575,row 1574
Pass,1575,1576,row 1575
Pass,1576,1577,row 1576
Pass,1577,1578,row 1577
Pass,1578,1579,row 1578
Pass,1579,1580,row 1579
Pass,1580,1581,row 1580
Pass,1581,1582,row 1581
Pass,1582,1583,row 1582
Pass,1583,1584,row 1583
Pass,1584,1585,row 1584
Pass,1585,1586,row 1585
Pass,1586,1587,row 1586
Pass,1587,1588,row 1587
Pass,1588,1589,row 1588
Pass,1589,1590,row 1589
Pass,1590,1591,row 1590
Pass,1591,1592,row 1591
Pass,1592,1593,row 1592
Pass,1593,1594,row 1593
Pass,1594,1595,row 1594
Pass,1595,1596,row 1595
Pass,1596,1597,row 1596
Pass,1597,1598,row 1597
Pass,1598,1599,row 1598
Pass,1599,1600,row 1599
Pass,1600,1601,row 1600
Pass,1601,1602,row 1601
Pass,1602,1603,row 1602
Pass,1603,1604,row 1603
Pass,1604,1605,row 1604
Pass,1605,1606,row 1605
Pass,1606,1607,row 1606
Pass,1607,1608,row 1607
Pass,1608,1609,row 1608
Pass,1609,1610,row 1609
Pass,1610,1611,row 1610
Pass,1611,1612,row 1611
Pass,1612,1613,row 1612
Pass,1613,1614,row 1613
Pass,1614,1615,row 1614
Pass,1615,1616,row 1615
Pass,1616,1617,row 1616
Pass,1617,1618,row 1617
Pass,1618,1619,row 1618
Pass,1619,1620,row 1619
Pass,1620,1621,row 1620
Pass,1621,1622,row 1621
Pass,1622,1623,row 1622
Pass,1623,1624,row 1623
Pass,1624,1625,row 1624
Pass,1625,1626,row 1625
Pass,1626,1627,row 1626
Pass,1627,1628,row 1627
Pass,1628,1629,row 1628
Pass,1629,1630,row 1629
Pass,1630,1631,row 1630
Pass,1631,1632,row 1631
Pass,1632,1633,row 1632
Pass,1633,1634,row 1633
Pass,1634,1635,row 1634
Pass,1635,1636,row 1635
Pass,1636,1637,row 1636
Pass,1637,1638,row 1637
Pass,1638,1639,row 1638
Pass,1639,1640,row 1639
Pass,1640,1641,row 1640
Pass,1641,1642,row 1641
Pass,1642,1643,row 1642
Pass,1643,1644,row 1643
Pass,1644,1645,row 1644
Pass,1645,1646,row 1645
Pass,1646,1647,row 1646
Pass,1647,1648,row 1647
Pass,1648,1649,row 1648
Pass,1649,1650,row 1649
Pass,1650,1651,row 1650
Pass,1651,1652,row 1651
Pass,1652,1653,row 1652
Pass,1653,1654,row 1653
Pass,1654,1655,row 1654
Pass,1655,1656,row 1655
Pass,1656,1657,row 1656
Pass,1657,1658,row 1657
Pass,1658,1659,row 1658
Pass,1659,1660,row 1659
Pass,1660,1661,row 1660
Pass,1661,1662,row 1661
Pass,1662,1663,row 1662
Pass,1663,1664,row 1663
Pass,1664,1665,row 1664
Pass,1665,1666,row 1665
Pass,1666,1667,row 1666
Pass,1667,1668,row 1667
Pass,1668,1669,row 1668
Pass,1669,1670,row 1669
Pass,1670,1671,row 1670
Pass,1671,1672,row 1671
Pass,1672,1673,row 1672
Pass,1673,1674,row 1673
Pass,1674,1675,row 1674
Pass,1675,1676,row 1675
Pass,1676,1677,row 1676
Pass,1677,1678,row 1677
Pass,1678,1679,row 1678
Pass,1679,1680,row 1679
Pass,1680,1681,row 1680
Pass,1681,1682,row 1681
Pass,1682,1683,row 1682
Pass,1683,1684,row 1683
Pass,1684,1685,row 1684
Pass,1685,1686,row 1685
Pass,1686,1687,row 1686
Pass,1687,1688,row 1687
Pass,1688,1689,row 1688
Pass,1689,1690,row 1689
Pass,1690,1691,row 1690
Pass,1691,1692,row 1691
Pass,1692,1693,row 1692
Pass,1693,1694,row 1693
Pass,1694,1695,row 1694
Pass,1695,1696,row 1695
Pass,1696,1697,row 1696
Pass,1697,1698,row 1697
Pass,1698,1699,row 1698
Pass,1699,1700,row 1699
Pass,1700,1701,row 1700
Pass,1701,1702,row 1701
Pass,1702,1703,row 1702
Pass,1703,1704,row 1703
Pass,1704,1705,row 1704
Pass,1705,1706,row 1705
Pass,1706,1707,row 1706
Pass,1707,1708,row 1707
Pass,1708,1709,row 1708
Pass,1709,1710,row 1709
Pass,1710,1711,row 1710
Pass,1711,1712,row 1711
Pass,1712,1713,row 1712
Pass,1713,1714,row 1713
Pass,1714,1715,row 1714
Pass,1715,1716,row 1715
Pass,1716,1717,row 1716
Pass,1717,1718,row 1717
Pass,1718,1719,row 1718
Pass,1719,1720,row 1719
Pass,1720,1721,row 1720
Pass,1721,1722,row 1721
Pass,1722,1723,row 1722
Pass,1723,1724,row 1723
Pass,1724,1725,row 1724
Pass,1725,1726,row 1725
Pass,1726,1727,row 1726
Pass,1727,1728,row 1727
Pass,1728,1729,row 1728
Pass,1729,1730,row 1729
Pass,1730,1731,row 1730
Pass,1731,1732,row 1731
Pass,1732,1733,row 1732
Pass,1733,1734,row 1733
Pass,1734,1735,row 1734
Pass,1735,1736,row 1735
Pass,1736,1737,row 1736
Pass,1737,1738,row 1737
Pass,1738,1739,row 1738
Pass,1739,1740,row 1739
Pass,1740,1741,row 1740
Pass,1741,1742,row 1741
Pass,1742,1743,row 1742
Pass,1743,1744,row 1743
Pass,1744,1745,row 1744
Pass,1745,1746,row 1745
Pass,1746,1747,row 1746
Pass,1747,1748,row 1747
Pass,1748,1749,row 1748
Pass,1749,1750,row 1749
Pass,1750,1751,row 1750
Pass,1751,1752,row 1751
Pass,1752,1753,row 1752
Pass,1753,1754,row 1753
Pass,1754,1755,row 1754
Pass,1755,1756,row 1755
Pass,1756,1757,row 1756
Pass,1757,1758,row 1757
Pass,1758,1759,row 1758
Pass,1759,1760,row 1759
Pass,1760,1761,row 1760
Pass,1761,1762,row 1761
Pass,1762,1763,row 1762
Pass,1763,1764,row 1763
Pass,1764,1765,row 1764
Pass,1765,1766,row 1765
Pass,1766,1767,row 1766
Pass,1767,1768,row 1767
Pass,1768,1769,row 1768
Pass,1769,1770,row 1769
Pass,1770,1771,row 1770
Pass,1771,1772,row 1771
Pass,1772,1773,row 1772
Pass,1773,1774,row 1773
Pass,1774,1775,row 1774
Pass,1775,1776,row 1775
Pass,1776,1777,row 1776
Pass,1777,1778,row 1777
Pass,1778,1779,row 1778
Pass,1779,1780,row 1779
Pass,1780,1781,row 1780
Pass,1781,1782,row 1781
Pass,1782,1783,row 1782
Pass,1783,1784,row 1783
Pass,1784,1785,row 1784
Pass,1785,1786,row 1785
Pass,1786,1787,row 1786
Pass,1787,1788,row 1787
Pass,1788,1789,row 1788
Pass,1789,1790,row 1789
Pass,1790,1791,row 1790
Pass,1791,1792,row 1791
Pass,1792,1793,row 1792
Pass,1793,1794,row 1793
Pass,1794,1795,row 1794
Pass,1795,1796,row 1795
Pass,1796,1797,row 1796
Pass,1797,1798,row 1797
Pass,1798,1799,row 1798
Pass,1799,1800,row 1799
Pass,1800,1801,row 1800
Pass,1801,1802,row 1801
Pass,1802,1803,row 1802
Pass,1803,1804,row 1803
Pass,1804,1805,row 1804
Pass,1805,1806,row 1805
Pass,1806,1807,row 1806
Pass,1807,1808,row 1807
Pass,1808,1809,row 1808
Pass,1809,1810,row 1809
Pass,1810,1811,row 1810
Pass,1811,1812,row 1811
Pass,1812,1813,row 1812
Pass,1813,1814,row 1813
Pass,1814,1815,row 1814
Pass,1815,1816,row 1815
Pass,1816,1817,row 1816
Pass,1817,1818,row 1817
Pass,1818,1819,row 1818
Pass,1819,1820,row 1819
Pass,1820,1821,row 1820
Pass,1821,1822,row 1821
Pass,1822,1823,row 1822
Pass,1823,1824,row 1823
Pass,1824,1825,row 1824
Pass,1825,1826,row 1825
Pass,1826,1827,row 1826
Pass,1827,1828,row 1827
Pass,1828,1829,row 1828
Pass,1829,1830,row 1829
Pass,1830,1831,row 1830
Pass,1831,1832,row 1831
Pass,1832,1833,row 1832
Pass,1833,1834,row 1833
Pass,1834,1835,row 1834
Pass,1835,1836,row 1835
Pass,1836,1837,row 1836
Pass,1837,1838,row 1837
Pass,1838,1839,row 1838
Pass,1839,1840,row 1839
Pass,1840,1841,row 1840
Pass,1841,1842,row 1841
Pass,1842,1843,row 1842
Pass,1843,1844,row 1843
Pass,1844,1845,row 1844
Pass,1845,1846,row 1845
Pass,1846,1847,row 1846
Pass,1847,1848,row 1847
Pass,1848,1849,row 1848
Pass,1849,1850,row 1849
Pass,1850,1851,row 1850
Pass,1851,1852,row 1851
Pass,1852,1853,row 1852
Pass,1853,1854,row 1853
Pass,1854,1855,row 1854
Pass,1855,1856,row 1855
Pass,1856,1857,row 1856
Pass,1857,1858,row 1857
Pass,1858,1859,row 1858
Pass,1859,1860,row 1859
Pass,1860,1861,row 1860
Pass,1861,1862,row 1861
Pass,1862,1863,row 1862
Pass,1863,1864,row 1863
Pass,1864,1865,row 1864
Pass,1865,1866,row 1865
Pass,1866,1867,row 1866
Pass,1867,1868,row 1867
Pass,1868,1869,row 1868
Pass,1869,1870,row 1869
Pass,1870,1871,row 1870
Pass,1871,1872,row 1871
Pass,1872,1873,row 1872
Pass,1873,1874,row 1873
Pass,1874,1875,row 1874
Pass,1875,1876,row 1875
Pass,1876,1877,row 1876
Pass,1877,1878,row 1877
Pass,1878,1879,row 1878
Pass,1879,1880,row 1879
Pass,1880,1881,row 1880
Pass,1881,1882,row 1881
Pass,1882,1883,row 1882
Pass,1883,1884,row 1883
Pass,1884,1885,row 1884
Pass,1885,1886,row 1885
Pass,1886,1887,row 1886
Pass,1887,1888,row 1887
Pass,1888,1889,row 1888
Pass,1889,1890,row 1889
Pass,1890,1891,row 1890
Pass,1891,1892,row 1891
Pass,1892,1893,row 1892
Pass,1893,1894,row 1893
Pass,1894,1895,row 1894
Pass,1895,1896,row 1895
Pass,1896,1897,row 1896
Pass,1897,1898,row 1897
Pass,1898,1899,row 1898
Pass,1899,1900,row 1899
Pass,1900,1901,row 1900
Pass,1901,1902,row 1901
Pass,1902,1903,row 1902
Pass,1903,1904,row 1903
Pass,1904,1905,row 1904
Pass,1905,1906,row 1905
Pass,1906,1907,row 1906
Pass,1907,1908,row 1907
Pass,1908,1909,row 1908
Pass,1909,1910,row 1909
Pass,1910,1911,row 1910
Pass,1911,1912,row 1911
Pass,1912,1913,row 1912
Pass,1913,1914,row 1913
Pass,1914,1915,row 1914
Pass,1915,1916,row 1915
Pass,1916,1917,row 1916
Pass,1917,1918,row 1917
Pass,1918,1919,row 1918
Pass,1919,1920,row 1919
Pass,1920,1921,row 1920
Pass,1921,1922,row 1921
Pass,1922,1923,row 1922
Pass,1923,1924,row 1923
Pass,1924,1925,row 1924
Pass,1925,1926,row 1925
Pass,1926,1927,row 1926
Pass,1927,1928,row 1927
Pass,1928,1929,row 1928
Pass,1929,1930,row 1929
Pass,1930,1931,row 1930
Pass,1931,1932,row 1931
Pass,1932,1933,row 1932
Pass,1933,1934,row 1933
Pass,1934,1935,row 1934
Pass,1935,1936,row 1935
Pass,1936,1937,row 1936
Pass,1937,1938,row 1937
Pass,1938,1939,row 1938
Pass,1939,1940,row 1939
Pass,1940,1941,row 1940
Pass,1941,1942,row 1941
Pass,1942,1943,row 1942
Pass,1943,1944,row 1943
Pass,1944,1945,row 1944
Pass,1945,1946,row 1945
Pass,1946,1947,row 1946
Pass,1947,1948,row 1947
Pass,1948,1949,row 1948
Pass,1949,1950,row 1949
Pass,1950,1951,row 1950
Pass,1951,1952,row 1951
Pass,1952,1953,row 1952
Pass,1953,1954,row 1953
Pass,1954,1955,row 1954
Pass,1955,1956,row 1955
Pass,1956,1957,row 1956
Pass,1957,1958,row 1957
Pass,1958,1959,row 1958
Pass,1959,1960,row 1959
Pass,1960,1961,row 1960
Pass,1961,1962,row 1961
Pass,1962,1963,row 1962
Pass,1963,1964,row 1963
Pass,1964,1965,row 1964
Pass,1965,1966,row 1965
Pass,1966,1967,row 1966
Pass,1967,1968,row 1967
Pass,1968,1969,row 1968
Pass,1969,1970,row 1969
Pass,1970,1971,row 1970
Pass,1971,1972,row 1971
Pass,1972,1973,row 1972
Pass,1973,1974,row 1973
Pass,1974,1975,row 1974
Pass,1975,1976,row 1975
Pass,1976,1977,row 1976
Pass,1977,1978,row 1977
Pass,1978,1979,row 1978
Pass,1979,1980,row 1979
Pass,1980,1981,row 1980
Pass,1981,1982,row 1981
Pass,1982,1983,row 1982
Pass,1983,1984,row 1983
Pass,1984,1985,row 1984
Pass,1985,1986,row 1985
Pass,1986,1987,row 1986
Pass,1987,1988,row 1987
Pass,1988,1989,row 1988
Pass,1989,1990,row 1989
Pass,1990,1991,row 1990
Pass,1991,1992,row 1991
Pass,1992,1993,row 1992
Pass,1993,1994,row 1993
Pass,1994,1995,row 1994
Pass,1995,1996,row 1995
Pass,1996,1997,row 1996
Pass,1997,1998,row 1997
Pass,1998,1999,row 1998
Pass,1999,2000,row 1999
Pass,2000,2001,row 2000
Pass,2001,2002,row 2001
Pass,2002,2003,row 2002
Pass,2003,2004,row 2003
Pass,2004,2005,row 2004
Pass,2005,2006,row 2005
Pass,2006,2007,row 2006
Pass,2007,2008,row 2007
Pass,2008,2009,row 2008
Pass,2009,2010,row 2009
Pass,2010,2011,row 2010
Pass,2011,2012,row 2011
Pass,2012,2013,row 2012
Pass,2013,2014,row 2013
Pass,2014,2015,row 2014
Pass,2015,2016,row 2015
Pass,2016,2017,row 2016
Pass,2017,2018,row 2017
Pass,2018,2019,row 2018
Pass,2019,2020,row 2019
Pass,2020,2021,row 2020
Pass,2021,2022,row 2021
Pass,2022,2023,row 2022
Pass,2023,2024,row 2023
Pass,2024,2025,row 2024
Pass,2025,2026,row 2025
Pass,2026,2027,row 2026
Pass,2027,2028,row 2027
Pass,2028,2029,row 2028
Pass,2029,2030,row 2029
Pass,2030,2031,row 2030
Pass,2031,2032,row 2031
Pass,2032,2033,row 2032
Pass,2033,2034,row 2033
Pass,2034,2035,row 2034
Pass,2035,2036,row 2035
Pass,2036,2037,row 2036
Pass,2037,2038,row 2037
Pass,2038,2039,row 2038
Pass,2039,2040,row 2039
Pass,2040,2041,row 2040
Pass,2041,2042,row 2041
Pass,2042,2043,row 2042
Pass,2043,2044,row 2043
Pass,2044,2045,row 2044
Pass,2045,2046,row 2045
Pass,2046,2047,row 2046
Pass,2047,2048,row 2047
Pass,2048,2049,row 2048
Pass,2049,2050,row 2049
Pass,2050,2051,row 2050
Pass,2051,2052,row 2051
Pass,2052,2053,row 2052
Pass,2053,2054,row 2053
Pass,2054,2055,row 2054
Pass,2055,2056,row 2055
Pass,2056,2057,row 2056
Pass,2057,2058,row 2057
Pass,2058,2059,row 2058
Pass,2059,2060,row 2059
Pass,2060,2061,row 2060
Pass,2061,2062,row 2061
Pass,2062,2063,row 2062
Pass,2063,2064,row 2063
Pass,2064,2065,row 2064
Pass,2065,2066,row 2065
Pass,2066,2067,row 2066
Pass,2067,2068,row 2067
Pass,2068,2069,row 2068
Pass,2069,2070,row 2069
Pass,2070,2071,row 2070
Pass,2071,2072,row 2071
Pass,2072,2073,row 2072
Pass,2073,2074,row 2073
Pass,2074,2075,row 2074
Pass,2075,2076,row 2075
Pass,2076,2077,row 2076
Pass,2077,2078,row 2077
Pass,2078,2079,row 2078
Pass,2079,2080,row 2079
Pass,2080,2081,row 2080
Pass,2081,2082,row 2081
Pass,2082,2083,row 2082
Pass,2083,2084,row 2083
Pass,2084,2085,row 2084
Pass,2085,2086,row 2085
Pass,2086,2087,row 2086
Pass,2087,2088,row 2087
Pass,2088,2089,row 2088
Pass,2089,2090,row 2089
Pass,2090,2091,row 2090
Pass,2091,2092,row 2091
Pass,2092,2093,row 2092
Pass,2093,2094,row 2093
Pass,2094,2095,row 2094
Pass,2095,2096,row 2095
Pass,2096,2097,row 2096
Pass,2097,2098,row 2097
Pass,2098,2099,row 2098
Pass,2099,2100,row 2099
Pass,2100,2101,row 2100
Pass,2101,2102,row 2101
Pass,2102,2103,row 2102
Pass,2103,2104,row 2103
Pass,2104,2105,row 2104
Pass,2105,2106,row 2105
Pass,2106,2107,row 2106
Pass,2107,2108,row 2107
Pass,2108,2109,row 2108
Pass,2109,2110,row 2109
Pass,2110,2111,row 2110
Pass,2111,2112,row 2111
Pass,2112,2113,row 2112
Pass,2113,2114,row 2113
Pass,2114,2115,row 2114
Pass,2115,2116,row 2115
Pass,2116,2117,row 2116
Pass,2117,2118,row 2117
Pass,2118,2119,row 2118
Pass,2119,2120,row 2119
Pass,2120,2121,row 2120
Pass,2121,2122,row 2121
Pass,2122,2123,row 2122
Pass,2123,2124,row 2123
Pass,2124,2125,row 2124
Pass,2125,2126,row 2125
Pass,2126,2127,row 2126
Pass,2127,2128,row 2127
Pass,2128,2129,row 2128
Pass,2129,2130,row 2129
Pass,2130,2131,row 2130
Pass,2131,2132,row 2131
Pass,2132,2133,row 2132
Pass,2133,2134,row 2133
Pass,2134,2135,row 2134
Pass,2135,2136,row 2135
Pass,2136,2137,row 2136
Pass,2137,2138,row 2137
Pass,2138,2139,row 2138
Pass,2139,2140,row 2139
Pass,2140,2141,row 2140
Pass,2141,2142,row 2141
Pass,2142,2143,row 2142
Pass,2143,2144,row 2143
Pass,2144,2145,row 2144
Pass,2145,2146,row 2145
Pass,2146,2147,row 2146
Pass,2147,2148,row 2147
Pass,2148,2149,row 2148
Pass,2149,2150,row 2149
Pass,2150,2151,row 2150
Pass,2151,2152,row 2151
Pass,2152,2153,row 2152
Pass,2153,2154,row 2153
Pass,2154,2155,row 2154
Pass,2155,2156,row 2155
Pass,2156,2157,row 2156
Pass,2157,2158,row 2157
Pass,2158,2159,row 2158
Pass,2159,2160,row 2159
Pass,2160,2161,row 2160
Pass,2161,2162,row 2161
Pass,2162,2163,row 2162
Pass,2163,2164,row 2163
Pass,2164,2165,row 2164
Pass,2165,2166,row 2165
Pass,2166,2167,row 2166
Pass,2167,2168,row 2167
Pass,2168,2169,row 2168
Pass,2169,2170,row 2169
Pass,2170,2171,row 2170
Pass,2171,2172,row 2171
Pass,2172,2173,row 2172
Pass,2173,2174,row 2173
Pass,2174,2175,row 2174
Pass,2175,2176,row 2175
Pass,2176,2177,row 2176
Pass,2177,2178,row 2177
Pass,2178,2179,row 2178
Pass,2179,2180,row 2179
Pass,2180,2181,row 2180
Pass,2181,2182,row 2181
Pass,2182,2183,row 2182
Pass,2183,2184,row 2183
Pass,2184,2185,row 2184
Pass,2185,2186,row 2185
Pass,2186,2187,row 2186
Pass,2187,2188,row 2187
Pass,2188,2189,row 2188
Pass,2189,2190,row 2189
Pass,2190,2191,row 2190
Pass,2191,2192,row 2191
Pass,2192,2193,row 2192
Pass,2193,2194,row 2193
Pass,2194,2195,row 2194
Pass,2195,2196,row 2195
Pass,2196,2197,row 2196
Pass,2197,2198,row 2197
Pass,2198,2199,row 2198
Pass,2199,2200,row 2199
Pass,2200,2201,row 2200
Pass,2201,2202,row 2201
Pass,2202,2203,row 2202
Pass,2203,2204,row 2203
Pass,2204,2205,row 2204
Pass,2205,2206,row 2205
Pass,2206,2207,row 2206
Pass,2207,2208,row 2207
Pass,2208,2209,row 2208
Pass,2209,2210,row 2209
Pass,2210,2211,row 2210
Pass,2211,2212,row 2211
Pass,2212,2213,row 2212
Pass,2213,2214,row 2213
Pass,2214,2215,row 2214
Pass,2215,2216,row 2215
Pass,2216,2217,row 2216
Pass,2217,2218,row 2217
Pass,2218,2219,row 2218
Pass,2219,2220,row 2219
Pass,2220,2221,row 2220
Pass,2221,2222,row 2221
Pass,2222,2223,row 2222
Pass,2223,2224,row 2223
Pass,2224,2225,row 2224
Pass,2225,2226,row 2225
Pass,2226,2227,row 2226
Pass,2227,2228,row 2227
Pass,2228,2229,row 2228
Pass,2229,2230,row 2229
Pass,2230,2231,row 2230
Pass,2231,2232,row 2231
Pass,2232,2233,row 2232
Pass,2233,2234,row 2233
Pass,2234,2235,row 2234
Pass,2235,2236,row 2235
Pass,2236,2237,row 2236
Pass,2237,2238,row 2237
Pass,2238,2239,row 2238
Pass,2239,2240,row 2239
Pass,2240,2241,row 2240
Pass,2241,2242,row 2241
Pass,2242,2243,row 2242
Pass,2243,2244,row 2243
Pass,2244,2245,row 2244
Pass,2245,2246,row 2245
Pass,2246,2247,row 2246
Pass,2247,2248,row 2247
Pass,2248,2249,row 2248
Pass,2249,2250,row 2249
Pass,2250,2251,row 2250
Pass,2251,2252,row 2251
Pass,2252,2253,row 2252
Pass,2253,2254,row 2253
Pass,2254,2255,row 2254
Pass,2255,2256,row 2255
Pass,2256,2257,row 2256
Pass,2257,2258,row 2257
Pass,2258,2259,row 2258
Pass,2259,2260,row 2259
Pass,2260,2261,row 2260
Pass,2261,2262,row 2261
Pass,2262,2263,row 2262
Pass,2263,2264,row 2263
Pass,2264,2265,row 2264
Pass,2265,2266,row 2265
Pass,2266,2267,row 2266
Pass,2267,2268,row 2267
Pass,2268,2269,row 2268
Pass,2269,2270,row 2269
Pass,2270,2271,row 2270
Pass,2271,2272,row 2271
Pass,2272,2273,row 2272
Pass,2273,2274,row 2273
Pass,2274,2275,row 2274
Pass,2275,2276,row 2275
Pass,2276,2277,row 2276
Pass,2277,2278,row 2277
Pass,2278,2279,row 2278
Pass,2279,2280,row 2279
Pass,2280,2281,row 2280
Pass,2281,2282,row 2281
Pass,2282,2283,row 2282
Pass,2283,2284,row 2283
Pass,2284,2285,row 2284
Pass,2285,2286,row 2285
Pass,2286,2287,row 2286
Pass,2287,2288,row 2287
Pass,2288,2289,row 2288
Pass,2289,2290,row 2289
Pass,2290,2291,row 2290
Pass,2291,2292,row 2291
Pass,2292,2293,row 2292
Pass,2293,2294,row 2293
Pass,2294,2295,row 2294
Pass,2295,2296,row 2295
Pass,2296,2297,row 2296
Pass,2297,2298,row 2297
Pass,2298,2299,row 2298
Pass,2299,2300,row 2299
Pass,2300,2301,row 2300
Pass,2301,2302,row 2301
Pass,2302,2303,row 2302
Pass,2303,2304,row 2303
Pass,2304,2305,row 2304
Pass,2305,2306,row 2305
Pass,2306,2307,row 2306
Pass,2307,2308,row 2307
Pass,2308,2309,row 2308
Pass,2309,2310,row 2309
Pass,2310,2311,row 2310
Pass,2311,2312,row 2311
Pass,2312,2313,row 2312
Pass,2313,2314,row 2313
Pass,2314,2315,row 2314
Pass,2315,2316,row 2315
Pass,2316,2317,row 2316
Pass,2317,2318,row 2317
Pass,2318,2319,row 2318
Pass,2319,2320,row 2319
Pass,2320,2321,row 2320
Pass,2321,2322,row 2321
Pass,2322,2323,row 2322
Pass,2323,2324,row 2323
Pass,2324,2325,row 2324
Pass,2325,2326,row 2325
Pass,2326,2327,row 2326
Pass,2327,2328,row 2327
Pass,2328,2329,row 2328
Pass,2329,2330,row 2329
Pass,2330,2331,row 2330
Pass,2331,2332,row 2331
Pass,2332,2333,row 2332
Pass,2333,2334,row 2333
Pass,2334,2335,row 2334
Pass,2335,2336,row 2335
Pass,2336,2337,row 2336
Pass,2337,2338,row 2337
Pass,2338,2339,row 2338
Pass,2339,2340,row 2339
Pass,2340,2341,row 2340
Pass,2341,2342,row 2341
Pass,2342,2343,row 2342
Pass,2343,2344,row 2343
Pass,2344,2345,row 2344
Pass,2345,2346,row 2345
Pass,2346,2347,row 2346
Pass,2347,2348,row 2347
Pass,2348,2349,row 2348
Pass,2349,2350,row 2349
Pass,2350,2351,row 2350
Pass,2351,2352,row 2351
Pass,2352,2353,row 2352
Pass,2353,2354,row 2353
Pass,2354,2355,row 2354
Pass,2355,2356,row 2355
Pass,2356,2357,row 2356
Pass,2357,2358,row 2357
Pass,2358,2359,row 2358
Pass,2359,2360,row 2359
Pass,2360,2361,row 2360
Pass,2361,2362,row 2361
Pass,2362,2363,row 2362
Pass,2363,2364,row 2363
Pass,2364,2365,row 2364
Pass,2365,2366,row 2365
Pass,2366,2367,row 2366
Pass,2367,2368,row 2367
Pass,2368,2369,row 2368
Pass,2369,2370,row 2369
Pass,2370,2371,row 2370
Pass,2371,2372,row 2371
Pass,2372,2373,row 2372
Pass,2373,2374,row 2373
Pass,2374,2375,row 2374
Pass,2375,2376,row 2375
Pass,2376,2377,row 2376
Pass,2377,2378,row 2377
Pass,2378,2379,row 2378
Pass,2379,2380,row 2379
Pass,2380,2381,row 2380
Pass,2381,2382,row 2381
Pass,2382,2383,row 2382
Pass,2383,2384,row 2383
Pass,2384,2385,row 2384
Pass,2385,2386,row 2385
Pass,2386,2387,row 2386
Pass,2387,2388,row 2387
Pass,2388,2389,row 2388
Pass,2389,2390,row 2389
Pass,2390,2391,row 2390
Pass,2391,2392,row 2391
Pass,2392,2393,row 2392
Pass,2393,2394,row 2393
Pass,2394,2395,row 2394
Pass,2395,2396,row 2395
Pass,2396,2397,row 2396
Pass,2397,2398,row 2397
Pass,2398,2399,row 2398
Pass,2399,2400,row 2399
Pass,2400,2401,row 2400
Pass,2401,2402,row 2401
Pass,2402,2403,row 2402
Pass,2403,2404,row 2403
Pass,2404,2405,row 2404
Pass,2405,2406,row 2405
Pass,2406,2407,row 2406
Pass,2407,2408,row 2407
Pass,2408,2409,row 2408
Pass,2409,2410,row 2409
Pass,2410,2411,row 2410
Pass,2411,2412,row 2411
Pass,2412,2413,row 2412
Pass,2413,2414,row 2413
Pass,2414,2415,row 2414
Pass,2415,2416,row 2415
Pass,2416,2417,row 2416
Pass,2417,2418,row 2417
Pass,2418,2419,row 2418
Pass,2419,2420,row 2419
Pass,2420,2421,row 2420
Pass,2421,2422,row 2421
Pass,2422,2423,row 2422
Pass,2423,2424,row 2423
Pass,2424,2425,row 2424
Pass,2425,2426,row 2425
Pass,2426,2427,row 2426
Pass,2427,2428,row 2427
Pass,2428,2429,row 2428
Pass,2429,2430,row 2429
Pass,2430,2431,row 2430
Pass,2431,2432,row 2431
Pass,2432,2433,row 2432
Pass,2433,2434,row 2433
Pass,2434,2435,row 2434
Pass,2435,2436,row 2435
Pass,2436,2437,row 2436
Pass,2437,2438,row 2437
Pass,2438,2439,row 2438
Pass,2439,2440,row 2439
Pass,2440,2441,row 2440
Pass,2441,2442,row 2441
Pass,2442,2443,row 2442
Pass,2443,2444,row 2443
Pass,2444,2445,row 2444
Pass,2445,2446,row 2445
Pass,2446,2447,row 2446
Pass,2447,2448,row 2447
Pass,2448,2449,row 2448
Pass,2449,2450,row 2449
Pass,2450,2451,row 2450
Pass,2451,2452,row 2451
Pass,2452,2453,row 2452
Pass,2453,2454,row 2453
Pass,2454,2455,row 2454
Pass,2455,2456,row 2455
Pass,2456,2457,row 2456
Pass,2457,2458,row 2457
Pass,2458,2459,row 2458
Pass,2459,2460,row 2459
Pass,2460,2461,row 2460
Pass,2461,2462,row 2461
Pass,2462,2463,row 2462
Pass,2463,2464,row 2463
Pass,2464,2465,row 2464
Pass,2465,2466,row 2465
Pass,2466,2467,row 2466
Pass,2467,2468,row 2467
Pass,2468,2469,row 2468
Pass,2469,2470,row 2469
Pass,2470,2471,row 2470
Pass,2471,2472,row 2471
Pass,2472,2473,row 2472
Pass,2473,2474,row 2473
Pass,2474,2475,row 2474
Pass,2475,2476,row 2475
Pass,2476,2477,row 2476
Pass,2477,2478,row 2477
Pass,2478,2479,row 2478
Pass,2479,2480,row 2479
Pass,2480,2481,row 2480
Pass,2481,2482,row 2481
Pass,2482,2483,row 2482
Pass,2483,2484,row 2483
Pass,2484,2485,row 2484
Pass,2485,2486,row 2485
Pass,2486,2487,row 2486
Pass,2487,2488,row 2487
Pass,2488,2489,row 2488
Pass,2489,2490,row 2489
Pass,2490,2491,row 2490
Pass,2491,2492,row 2491
Pass,2492,2493,row 2492
Pass,2493,2494,row 2493
Pass,2494,2495,row 2494
Pass,2495,2496,row 2495
Pass,2496,2497,row 2496
Pass,2497,2498,row 2497
Pass,2498,2499,row 2498
Pass,2499,2500,row 2499
Pass,2500,2501,row 2500
Pass,2501,2502,row 2501
Pass,2502,2503,row 2502
Pass,2503,2504,row 2503
Pass,2504,2505,row 2504
Pass,2505,2506,row 2505
Pass,2506,2507,row 2506
Pass,2507,2508,row 2507
Pass,2508,2509,row 2508
Pass,2509,2510,row 2509
Pass,2510,2511,row 2510
Pass,2511,2512,row 2511
Pass,2512,2513,row 2512
Pass,2513,2514,row 2513
Pass,2514,2515,row 2514
Pass,2515,2516,row 2515
Pass,2516,2517,row 2516
Pass,2517,2518,row 2517
Pass,2518,2519,row 2518
Pass,2519,2520,row 2519
Pass,2520,2521,row 2520
Pass,2521,2522,row 2521
Pass,2522,2523,row 2522
Pass,2523,2524,row 2523
Pass,2524,2525,row 2524
Pass,2525,2526,row 2525
Pass,2526,2527,row 2526
Pass,2527,2528,row 2527
Pass,2528,2529,row 2528
Pass,2529,2530,row 2529
Pass,2530,2531,row 2530
Pass,2531,2532,row 2531
Pass,2532,2533,row 2532
Pass,2533,2534,row 2533
Pass,2534,2535,row 2534
Pass,2535,2536,row 2535
Pass,2536,2537,row 2536
Pass,2537,2538,row 2537
Pass,2538,2539,row 2538
Pass,2539,2540,row 2539
Pass,2540,2541,row 2540
Pass,2541,2542,row 2541
Pass,2542,2543,row 2542
Pass,2543,2544,row 2543
Pass,2544,2545,row 2544
Pass,2545,2546,row 2545
Pass,2546,2547,row 2546
Pass,2547,2548,row 2547
Pass,2548,2549,row 2548
Pass,2549,2550,row 2549
Pass,2550,2551,row 2550
Pass,2551,2552,row 2551
Pass,2552,2553,row 2552
Pass,2553,2554,row 2553
Pass,2554,2555,row 2554
Pass,2555,2556,row 2555
Pass,2556,2557,row 2556
Pass,2557,2558,row 2557
Pass,2558,2559,row 2558
Pass,2559,2560,row 2559
Pass,2560,2561,row 2560
Pass,2561,2562,row 2561
Pass,2562,2563,row 2562
Pass,2563,2564,row 2563
Pass,2564,2565,row 2564
Pass,2565,2566,row 2565
Pass,2566,2567,row 2566
Pass,2567,2568,row 2567
Pass,2568,2569,row 2568
Pass,2569,2570,row 2569
Pass,2570,2571,row 2570
Pass,2571,2572,row 2571
Pass,2572,2573,row 2572
Pass,2573,2574,row 2573
Pass,2574,2575,row 2574
Pass,2575,2576,row 2575
Pass,2576,2577,row 2576
Pass,2577,2578,row 2577
Pass,2578,2579,row 2578
Pass,2579,2580,row 2579
Pass,2580,2581,row 2580
Pass,2581,2582,row 2581
Pass,2582,2583,row 2582
Pass,2583,2584,row 2583
Pass,2584,2585,row 2584
Pass,2585,2586,row 2585
Pass,2586,2587,row 2586
Pass,2587,2588,row 2587
Pass,2588,2589,row 2588
Pass,2589,2590,row 2589
Pass,2590,2591,row 2590
Pass,2591,2592,row 2591
Pass,2592,2593,row 2592
Pass,2593,2594,row 2593
Pass,2594,2595,row 2594
Pass,2595,2596,row 2595
Pass,2596,2597,row 2596
Pass,2597,2598,row 2597
Pass,2598,2599,row 2598
Pass,2599,2600,row 2599
Pass,2600,2601,row 2600
Pass,2601,2602,row 2601
Pass,2602,2603,row 2602
Pass,2603,2604,row 2603
Pass,2604,2605,row 2604
Pass,2605,2606,row 2605
Pass,2606,2607,row 2606
Pass,2607,2608,row 2607
Pass,2608,2609,row 2608
Pass,2609,2610,row 2609
Pass,2610,2611,row 2610
Pass,2611,2612,row 2611
Pass,2612,2613,row 2612
Pass,2613,2614,row 2613
Pass,2614,2615,row 2614
Pass,2615,2616,row 2615
Pass,2616,2617,row 2616
Pass,2617,2618,row 2617
Pass,2618,2619,row 2618
Pass,2619,2620,row 2619
Pass,2620,2621,row 2620
Pass,2621,2622,row 2621
Pass,2622,2623,row 2622
Pass,2623,2624,row 2623
Pass,2624,2625,row 2624
Pass,2625,2626,row 2625
Pass,2626,2627,row 2626
Pass,2627,2628,row 2627
Pass,2628,2629,row 2628
Pass,2629,2630,row 2629
Pass,2630,2631,row 2630
Pass,2631,2632,row 2631
Pass,2632,2633,row 2632
Pass,2633,2634,row 2633
Pass,2634,2635,row 2634
Pass,2635,2636,row 2635
Pass,2636,2637,row 2636
Pass,2637,2638,row 2637
Pass,2638,2639,row 2638
Pass,2639,2640,row 2639
Pass,2640,2641,row 2640
Pass,2641,2642,row 2641
Pass,2642,2643,row 2642
Pass,2643,2644,row 2643
Pass,2644,2645,row 2644
Pass,2645,2646,row 2645
Pass,2646,2647,row 2646
Pass,2647,2648,row 2647
Pass,2648,2649,row 2648
Pass,2649,2650,row 2649
Pass,2650,2651,row 2650
Pass,2651,2652,row 2651
Pass,2652,2653,row 2652
Pass,2653,2654,row 2653
Pass,2654,2655,row 2654
Pass,2655,2656,row 2655
Pass,2656,2657,row 2656
Pass,2657,2658,row 2657
Pass,2658,2659,row 2658
Pass,2659,2660,row 2659
Pass,2660,2661,row 2660
Pass,2661,2662,row 2661
Pass,2662,2663,row 2662
Pass,2663,2664,row 2663
Pass,2664,2665,row 2664
Pass,2665,2666,row 2665
Pass,2666,2667,row 2666
Pass,2667,2668,row 2667
Pass,2668,2669,row 2668
Pass,2669,2670,row 2669
Pass,2670,2671,row 2670
Pass,2671,2672,row 2671
Pass,2672,2673,row 2672
Pass,2673,2674,row 2673
Pass,2674,2675,row 2674
Pass,2675,2676,row 2675
Pass,2676,2677,row 2676
Pass,2677,2678,row 2677
Pass,2678,2679,row 2678
Pass,2679,2680,row 2679
Pass,2680,2681,row 2680
Pass,2681,2682,row 2681
Pass,2682,2683,row 2682
Pass,2683,2684,row 2683
Pass,2684,2685,row 2684
Pass,2685,2686,row 2685
Pass,2686,2687,row 2686
Pass,2687,2688,row 2687
Pass,2688,2689,row 2688
Pass,2689,2690,row 2689
Pass,2690,2691,row 2690
Pass,2691,2692,row 2691
Pass,2692,2693,row 2692
Pass,2693,2694,row 2693
Pass,2694,2695,row 2694
Pass,2695,2696,row 2695
Pass,2696,2697,row 2696
Pass,2697,2698,row 2697
Pass,2698,2699,row 2698
Pass,2699,2700,row 2699
Pass,2700,2701,row 2700
Pass,2701,2702,row 2701
Pass,2702,2703,row 2702
Pass,2703,2704,row 2703
Pass,2704,2705,row 2704
Pass,2705,2706,row 2705
Pass,2706,2707,row 2706
Pass,2707,2708,row 2707
Pass,2708,2709,row 2708
Pass,2709,2710,row 2709
Pass,2710,2711,row 2710
Pass,2711,2712,row 2711
Pass,2712,2713,row 2712
Pass,2713,2714,row 2713
Pass,2714,2715,row 2714
Pass,2715,2716,row 2715
Pass,2716,2717,row 2716
Pass,2717,2718,row 2717
Pass,2718,2719,row 2718
Pass,2719,2720,row 2719
Pass,2720,2721,row 2720
Pass,2721,2722,row 2721
Pass,2722,2723,row 2722
Pass,2723,2724,row 2723
Pass,2724,2725,row 2724
Pass,2725,2726,row 2725
Pass,2726,2727,row 2726
Pass,2727,2728,row 2727
Pass,2728,2729,row 2728
Pass,2729,2730,row 2729
Pass,2730,2731,row 2730
Pass,2731,2732,row 2731
Pass,2732,2733,row 2732
Pass,2733,2734,row 2733
Pass,2734,2735,row 2734
Pass,2735,2736,row 2735
Pass,2736,2737,row 2736
Pass,2737,2738,row 2737
Pass,2738,2739,row 2738
Pass,2739,2740,row 2739
Pass,2740,2741,row 2740
Pass,2741,2742,row 2741
Pass,2742,2743,row 2742
Pass,2743,2744,row 2743
Pass,2744,2745,row 2744
Pass,2745,2746,row 2745
Pass,2746,2747,row 2746
Pass,2747,2748,row 2747
Pass,2748,2749,row 2748
Pass,2749,2750,row 2749
Pass,2750,2751,row 2750
Pass,2751,2752,row 2751
Pass,2752,2753,row 2752
Pass,2753,2754,row 2753
Pass,2754,2755,row 2754
Pass,2755,2756,row 2755
Pass,2756,2757,row 2756
Pass,2757,2758,row 2757
Pass,2758,2759,row 2758
Pass,2759,2760,row 2759
Pass,2760,2761,row 2760
Pass,2761,2762,row 2761
Pass,2762,2763,row 2762
Pass,2763,2764,row 2763
Pass,2764,2765,row 2764
Pass,2765,2766,row 2765
Pass,2766,2767,row 2766
Pass,2767,2768,row 2767
Pass,2768,2769,row 2768
Pass,2769,2770,row 2769
Pass,2770,2771,row 2770
Pass,2771,2772,row 2771
Pass,2772,2773,row 2772
Pass,2773,2774,row 2773
Pass,2774,2775,row 2774
Pass,2775,2776,row 2775
Pass,2776,2777,row 2776
Pass,2777,2778,row 2777
Pass,2778,2779,row 2778
Pass,2779,2780,row 2779
Pass,2780,2781,row 2780
Pass,2781,2782,row 2781
Pass,2782,2783,row 2782
Pass,2783,2784,row 2783
Pass,2784,2785,row 2784
Pass,2785,2786,row 2785
Pass,2786,2787,row 2786
Pass,2787,2788,row 2787
Pass,2788,2789,row 2788
Pass,2789,2790,row 2789
Pass,2790,2791,row 2790
Pass,2791,2792,row 2791
Pass,2792,2793,row 2792
Pass,2793,2794,row 2793
Pass,2794,2795,row 2794
Pass,2795,2796,row 2795
Pass,2796,2797,row 2796
Pass,2797,2798,row 2797
Pass,2798,2799,row 2798
Pass,2799,2800,row 2799
Pass,2800,2801,row 2800
Pass,2801,2802,row 2801
Pass,2802,2803,row 2802
Pass,2803,2804,row 2803
Pass,2804,2805,row 2804
Pass,2805,2806,row 2805
Pass,2806,2807,row 2806
Pass,2807,2808,row 2807
Pass,2808,2809,row 2808
Pass,2809,2810,row 2809
Pass,2810,2811,row 2810
Pass,2811,2812,row 2811
Pass,2812,2813,row 2812
Pass,2813,2814,row 2813
Pass,2814,2815,row 2814
Pass,2815,2816,row 2815
Pass,2816,2817,row 2816
Pass,2817,2818,row 2817
Pass,2818,2819,row 2818
Pass,2819,2820,row 2819
Pass,2820,2821,row 2820
Pass,2821,2822,row 2821
Pass,2822,2823,row 2822
Pass,2823,2824,row 2823
Pass,2824,2825,row 2824
Pass,2825,2826,row 2825
Pass,2826,2827,row 2826
Pass,2827,2828,row 2827
Pass,2828,2829,row 2828
Pass,2829,2830,row 2829
Pass,2830,2831,row 2830
Pass,2831,2832,row 2831
Pass,2832,2833,row 2832
Pass,2833,2834,row 2833
Pass,2834,2835,row 2834
Pass,2835,2836,row 2835
Pass,2836,2837,row 2836
Pass,2837,2838,row 2837
Pass,2838,2839,row 2838
Pass,2839,2840,row 2839
Pass,2840,2841,row 2840
Pass,2841,2842,row 2841
Pass,2842,2843,row 2842
Pass,2843,2844,row 2843
Pass,2844,2845,row 2844
Pass,2845,2846,row 2845
Pass,2846,2847,row 2846
Pass,2847,2848,row 2847
Pass,2848,2849,row 2848
Pass,2849,2850,row 2849
Pass,2850,2851,row 2850
Pass,2851,2852,row 2851
Pass,2852,2853,row 2852
Pass,2853,2854,row 2853
Pass,2854,2855,row 2854
Pass,2855,2856,row 2855
Pass,2856,2857,row 2856
Pass,2857,2858,row 2857
Pass,2858,2859,row 2858
Pass,2859,2860,row 2859
Pass,2860,2861,row 2860
Pass,2861,2862,row 2861
Pass,2862,2863,row 2862
Pass,2863,2864,row 2863
Pass,2864,2865,row 2864
Pass,2865,2866,row 2865
Pass,2866,2867,row 2866
Pass,2867,2868,row 2867
Pass,2868,2869,row 2868
Pass,2869,2870,row 2869
Pass,2870,2871,row 2870
Pass,2871,2872,row 2871
Pass,2872,2873,row 2872
Pass,2873,2874,row 2873
Pass,2874,2875,row 2874
Pass,2875,2876,row 2875
Pass,2876,2877,row 2876
Pass,2877,2878,row 2877
Pass,2878,2879,row 2878
Pass,2879,2880,row 2879
Pass,2880,2881,row 2880
Pass,2881,2882,row 2881
Pass,2882,2883,row 2882
Pass,2883,2884,row 2883
Pass,2884,2885,row 2884
Pass,2885,2886,row 2885
Pass,2886,2887,row 2886
Pass,2887,2888,row 2887
Pass,2888,2889,row 2888
Pass,2889,2890,row 2889
Pass,2890,2891,row 2890
Pass,2891,2892,row 2891
Pass,2892,2893,row 2892
Pass,2893,2894,row 2893
Pass,2894,2895,row 2894
Pass,2895,2896,row 2895
Pass,2896,2897,row 2896
Pass,2897,2898,row 2897
Pass,2898,2899,row 2898
Pass,2899,2900,row 2899
Pass,2900,2901,row 2900
Pass,2901,2902,row 2901
Pass,2902,2903,row 2902
Pass,2903,2904,row 2903
Pass,2904,2905,row 2904
Pass,2905,2906,row 2905
Pass,2906,2907,row 2906
Pass,2907,2908,row 2907
Pass,2908,2909,row 2908
Pass,2909,2910,row 2909
Pass,2910,2911,row 2910
Pass,2911,2912,row 2911
Pass,2912,2913,row 2912
Pass,2913,2914,row 2913
Pass,2914,2915,row 2914
Pass,2915,2916,row 2915
Pass,2916,2917,row 2916
Pass,2917,2918,row 2917
Pass,2918,2919,row 2918
Pass,2919,2920,row 2919
Pass,2920,2921,row 2920
Pass,2921,2922,row 2921
Pass,2922,2923,row 2922
Pass,2923,2924,row 2923
Pass,2924,2925,row 2924
Pass,2925,2926,row 2925
Pass,2926,2927,row 2926
Pass,2927,2928,row 2927
Pass,2928,2929,row 2928
Pass,2929,2930,row 2929
Pass,2930,2931,row 2930
Pass,2931,2932,row 2931
Pass,2932,2933,row 2932
Pass,2933,2934,row 2933
Pass,2934,2935,row 2934
Pass,2935,2936,row 2935
Pass,2936,2937,row 2936
Pass,2937,2938,row 2937
Pass,2938,2939,row 2938
Pass,2939,2940,row 2939
Pass,2940,2941,row 2940
Pass,2941,2942,row 2941
Pass,2942,2943,row 2942
Pass,2943,2944,row 2943
Pass,2944,2945,row 2944
Pass,2945,2946,row 2945
Pass,2946,2947,row 2946
Pass,2947,2948,row 2947
Pass,2948,2949,row 2948
Pass,2949,2950,row 2949
Pass,2950,2951,row 2950
Pass,2951,2952,row 2951
Pass,2952,2953,row 2952
Pass,2953,2954,row 2953
Pass,2954,2955,row 2954
Pass,2955,2956,row 2955
Pass,2956,2957,row 2956
Pass,2957,2958,row 2957
Pass,2958,2959,row 2958
Pass,2959,2960,row 2959
Pass,2960,2961,row 2960
Pass,2961,2962,row 2961
Pass,2962,2963,row 2962
Pass,2963,2964,row 2963
Pass,2964,2965,row 2964
Pass,2965,2966,row 2965
Pass,2966,2967,row 2966
Pass,2967,2968,row 2967
Pass,2968,2969,row 2968
Pass,2969,2970,row 2969
Pass,2970,2971,row 2970
Pass,2971,2972,row 2971
Pass,2972,2973,row 2972
Pass,2973,2974,row 2973
Pass,2974,2975,row 2974
Pass,2975,2976,row 2975
Pass,2976,2977,row 2976
Pass,2977,2978,row 2977
Pass,2978,2979,row 2978
Pass,2979,2980,row 2979
Pass,2980,2981,row 2980
Pass,2981,2982,row 2981
Pass,2982,2983,row 2982
Pass,2983,2984,row 2983
Pass,2984,2985,row 2984
Pass,2985,2986,row 2985
Pass,2986,2987,row 2986
Pass,2987,2988,row 2987
Pass,2988,2989,row 2988
Pass,2989,2990,row 2989
Pass,2990,2991,row 2990
Pass,2991,2992,row 2991
Pass,2992,2993,row 2992
Pass,2993,2994,row 2993
Pass,2994,2995,row 2994
Pass,2995,2996,row 2995
Pass,2996,2997,row 2996
Pass,2997,2998,row 2997
Pass,2998,2999,row 2998
Pass,2999,3000,row 2999
Pass,3000,3001,row 3000
Pass,3001,3002,row 3001
Pass,3002,3003,row 3002
Pass,3003,3004,row 3003
Pass,3004,3005,row 3004
Pass,3005,3006,row 3005
Pass,3006,3007,row 3006
Pass,3007,3008,row 3007
Pass,3008,3009,row 3008
Pass,3009,3010,row 3009
Pass,3010,3011,row 3010
Pass,3011,3012,row 3011
Pass,3012,3013,row 3012
Pass,3013,3014,row 3013
Pass,3014,3015,row 3014
Pass,3015,3016,row 3015
Pass,3016,3017,row 3016
Pass,3017,3018,row 3017
Pass,3018,3019,row 3018
Pass,3019,3020,row 3019
Pass,3020,3021,row 3020
Pass,3021,3022,row 3021
Pass,3022,3023,row 3022
Pass,3023,3024,row 3023
Pass,3024,3025,row 3024
Pass,3025,3026,row 3025
Pass,3026,3027,row 3026
Pass,3027,3028,row 3027
Pass,3028,3029,row 3028
Pass,3029,3030,row 3029
Pass,3030,3031,row 3030
Pass,3031,3032,row 3031
Pass,3032,3033,row 3032
Pass,3033,3034,row 3033
Pass,3034,3035,row 3034
Pass,3035,3036,row 3035
Pass,3036,3037,row 3036
Pass,3037,3038,row 3037
Pass,3038,3039,row 3038
Pass,3039,3040,row 3039
Pass,3040,3041,row 3040
Pass,3041,3042,row 3041
Pass,3042,3043,row 3042
Pass,3043,3044,row 3043
Pass,3044,3045,row 3044
Pass,3045,3046,row 3045
Pass,3046,3047,row 3046
Pass,3047,3048,row 3047
Pass,3048,3049,row 3048
Pass,3049,3050,row 3049
Pass,3050,3051,row 3050
Pass,3051,3052,row 3051
Pass,3052,3053,row 3052
Pass,3053,3054,row 3053
Pass,3054,3055,row 3054
Pass,3055,3056,row 3055
Pass,3056,3057,row 3056
Pass,3057,3058,row 3057
Pass,3058,3059,row 3058
Pass,3059,3060,row 3059
Pass,3060,3061,row 3060
Pass,3061,3062,row 3061
Pass,3062,3063,row 3062
Pass,3063,3064,row 3063
Pass,3064,3065,row 3064
Pass,3065,3066,row 3065
Pass,3066,3067,row 3066
Pass,3067,3068,row 3067
Pass,3068,3069,row 3068
Pass,3069,3070,row 3069
Pass,3070,3071,row 3070
Pass,3071,3072,row 3071
Pass,3072,3073,row 3072
Pass,3073,3074,row 3073
Pass,3074,3075,row 3074
Pass,3075,3076,row 3075
Pass,3076,3077,row 3076
Pass,3077,3078,row 3077
Pass,3078,3079,row 3078
Pass,3079,3080,row 3079
Pass,3080,3081,row 3080
Pass,3081,3082,row 3081
Pass,3082,3083,row 3082
Pass,3083,3084,row 3083
Pass,3084,3085,row 3084
Pass,3085,3086,row 3085
Pass,3086,3087,row 3086
Pass,3087,3088,row 3087
Pass,3088,3089,row 3088
Pass,3089,3090,row 3089
Pass,3090,3091,row 3090
Pass,3091,3092,row 3091
Pass,3092,3093,row 3092
Pass,3093,3094,row 3093
Pass,3094,3095,row 3094
Pass,3095,3096,row 3095
Pass,3096,3097,row 3096
Pass,3097,3098,row 3097
Pass,3098,3099,row 3098
Pass,3099,3100,row 3099
Pass,3100,3101,row 3100
Pass,3101,3102,row 3101
Pass,3102,3103,row 3102
Pass,3103,3104,row 3103
Pass,3104,3105,row 3104
Pass,3105,3106,row 3105
Pass,3106,3107,row 3106
Pass,3107,3108,row 3107
Pass,3108,3109,row 3108
Pass,3109,3110,row 3109
Pass,3110,3111,row 3110
Pass,3111,3112,row 3111
Pass,3112,3113,row 3112
Pass,3113,3114,row 3113
Pass,3114,3115,row 3114
Pass,3115,3116,row 3115
Pass,3116,3117,row 3116
Pass,3117,3118,row 3117
Pass,3118,3119,row 3118
Pass,3119,3120,row 3119
Pass,3120,3121,row 3120
Pass,3121,3122,row 3121
Pass,3122,3123,row 3122
Pass,3123,3124,row 3123
Pass,3124,3125,row 3124
Pass,3125,3126,row 3125
Pass,3126,3127,row 3126
Pass,3127,3128,row 3127
Pass,3128,3129,row 3128
Pass,3129,3130,row 3129
Pass,3130,3131,row 3130
Pass,3131,3132,row 3131
Pass,3132,3133,row 3132
Pass,3133,3134,row 3133
Pass,3134,3135,row 3134
Pass,3135,3136,row 3135
Pass,3136,3137,row 3136
Pass,3137,3138,row 3137
Pass,3138,3139,row 3138
Pass,3139,3140,row 3139
Pass,3140,3141,row 3140
Pass,3141,3142,row 3141
Pass,3142,3143,row 3142
Pass,3143,3144,row 3143
Pass,3144,3145,row 3144
Pass,3145,3146,row 3145
Pass,3146,3147,row 3146
Pass,3147,3148,row 3147
Pass,3148,3149,row 3148
Pass,3149,3150,row 3149
Pass,3150,3151,row 3150
Pass,3151,3152,row 3151
Pass,3152,3153,row 3152
Pass,3153,3154,row 3153
Pass,3154,3155,row 3154
Pass,3155,3156,row 3155
Pass,3156,3157,row 3156
Pass,3157,3158,row 3157
Pass,3158,3159,row 3158
Pass,3159,3160,row 3159
Pass,3160,3161,row 3160
Pass,3161,3162,row 3161
Pass,3162,3163,row 3162
Pass,3163,3164,row 3163
Pass,3164,3165,row 3164
Pass,3165,3166,row 3165
Pass,3166,3167,row 3166
Pass,3167,3168,row 3167
Pass,3168,3169,row 3168
Pass,3169,3170,row 3169
Pass,3170,3171,row 3170
Pass,3171,3172,row 3171
Pass,3172,3173,row 3172
Pass,3173,3174,row 3173
Pass,3174,3175,row 3174
Pass,3175,3176,row 3175
Pass,3176,3177,row 3176
Pass,3177,3178,row 3177
Pass,3178,3179,row 3178
Pass,3179,3180,row 3179
Pass,3180,3181,row 3180
Pass,3181,3182,row 3181
Pass,3182,3183,row 3182
Pass,3183,3184,row 3183
Pass,3184,3185,row 3184
Pass,3185,3186,row 3185
Pass,3186,3187,row 3186
Pass,3187,3188,row 3187
Pass,3188,3189,row 3188
Pass,3189,3190,row 3189
Pass,3190,3191,row 3190
Pass,3191,3192,row 3191
Pass,3192,3193,row 3192
Pass,3193,3194,row 3193
Pass,3194,3195,row 3194
Pass,3195,3196,row 3195
Pass,3196,3197,row 3196
Pass,3197,3198,row 3197
Pass,3198,3199,row 3198
Pass,3199,3200,row 3199
Pass,3200,3201,row 3200
Pass,3201,3202,row 3201
Pass,3202,3203,row 3202
Pass,3203,3204,row 3203
Pass,3204,3205,row 3204
Pass,3205,3206,row 3205
Pass,3206,3207,row 3206
Pass,3207,3208,row 3207
Pass,3208,3209,row 3208
Pass,3209,3210,row 3209
Pass,3210,3211,row 3210
Pass,3211,3212,row 3211
Pass,3212,3213,row 3212
Pass,3213,3214,row 3213
Pass,3214,3215,row 3214
Pass,3215,3216,row 3215
Pass,3216,3217,row 3216
Pass,3217,3218,row 3217
Pass,3218,3219,row 3218
Pass,3219,3220,row 3219
Pass,3220,3221,row 3220
Pass,3221,3222,row 3221
Pass,3222,3223,row 3222
Pass,3223,3224,row 3223
Pass,3224,3225,row 3224
Pass,3225,3226,row 3225
Pass,3226,3227,row 3226
Pass,3227,3228,row 3227
Pass,3228,3229,row 3228
Pass,3229,3230,row 3229
Pass,3230,3231,row 3230
Pass,3231,3232,row 3231
Pass,3232,3233,row 3232
Pass,3233,3234,row 3233
Pass,3234,3235,row 3234
Pass,3235,3236,row 3235
Pass,3236,3237,row 3236
Pass,3237,3238,row 3237
Pass,3238,3239,row 3238
Pass,3239,3240,row 3239
Pass,3240,3241,row 3240
Pass,3241,3242,row 3241
Pass,3242,3243,row 3242
Pass,3243,3244,row 3243
Pass,3244,3245,row 3244
Pass,3245,3246,row 3245
Pass,3246,3247,row 3246
Pass,3247,3248,row 3247
Pass,3248,3249,row 3248
Pass,3249,3250,row 3249
Pass,3250,3251,row 3250
Pass,3251,3252,row 3251
Pass,3252,3253,row 3252
Pass,3253,3254,row 3253
Pass,3254,3255,row 3254
Pass,3255,3256,row 3255
Pass,3256,3257,row 3256
Pass,3257,3258,row 3257
Pass,3258,3259,row 3258
Pass,3259,3260,row 3259
Pass,3260,3261,row 3260
Pass,3261,3262,row 3261
Pass,3262,3263,row 3262
Pass,3263,3264,row 3263
Pass,3264,3265,row 3264
Pass,3265,3266,row 3265
Pass,3266,3267,row 3266
Pass,3267,3268,row 3267
Pass,3268,3269,row 3268
Pass,3269,3270,row 3269
Pass,3270,3271,row 3270
Pass,3271,3272,row 3271
Pass,3272,3273,row 3272
Pass,3273,3274,row 3273
Pass,3274,3275,row 3274
Pass,3275,3276,row 3275
Pass,3276,3277,row 3276
Pass,3277,3278,row 3277
Pass,3278,3279,row 3278
Pass,3279,3280,row 3279
Pass,3280,3281,row 3280
Pass,3281,3282,row 3281
Pass,3282,3283,row 3282
Pass,3283,3284,row 3283
Pass,3284,3285,row 3284
Pass,3285,3286,row 3285
Pass,3286,3287,row 3286
Pass,3287,3288,row 3287
Pass,3288,3289,row 3288
Pass,3289,3290,row 3289
Pass,3290,3291,row 3290
Pass,3291,3292,row 3291
Pass,3292,3293,row 3292
Pass,3293,3294,row 3293
Pass,3294,3295,row 3294
Pass,3295,3296,row 3295
Pass,3296,3297,row 3296
Pass,3297,3298,row 3297
Pass,3298,3299,row 3298
Pass,3299,3300,row 3299
Pass,3300,3301,row 3300
Pass,3301,3302,row 3301
Pass,3302,3303,row 3302
Pass,3303,3304,row 3303
Pass,3304,3305,row 3304
Pass,3305,3306,row 3305
Pass,3306,3307,row 3306
Pass,3307,3308,row 3307
Pass,3308,3309,row 3308
Pass,3309,3310,row 3309
Pass,3310,3311,row 3310
Pass,3311,3312,row 3311
Pass,3312,3313,row 3312
Pass,3313,3314,row 3313
Pass,3314,3315,row 3314
Pass,3315,3316,row 3315
Pass,3316,3317,row 3316
Pass,3317,3318,row 3317
Pass,3318,3319,row 3318
Pass,3319,3320,row 3319
Pass,3320,3321,row 3320
Pass,3321,3322,row 3321
Pass,3322,3323,row 3322
Pass,3323,3324,row 3323
Pass,3324,3325,row 3324
Pass,3325,3326,row 3325
Pass,3326,3327,row 3326
Pass,3327,3328,row 3327
Pass,3328,3329,row 3328
Pass,3329,3330,row 3329
Pass,3330,3331,row 3330
Pass,3331,3332,row 3331
Pass,3332,3333,row 3332
Pass,3333,3334,row 3333
Pass,3334,3335,row 3334
Pass,3335,3336,row 3335
Pass,3336,3337,row 3336
Pass,3337,3338,row 3337
Pass,3338,3339,row 3338
Pass,3339,3340,row 3339
Pass,3340,3341,row 3340
Pass,3341,3342,row 3341
Pass,3342,3343,row 3342
Pass,3343,3344,row 3343
Pass,3344,3345,row 3344
Pass,3345,3346,row 3345
Pass,3346,3347,row 3346
Pass,3347,3348,row 3347
Pass,3348,3349,row 3348
Pass,3349,3350,row 3349
Pass,3350,3351,row 3350
Pass,3351,3352,row 3351
Pass,3352,3353,row 3352
Pass,3353,3354,row 3353
Pass,3354,3355,row 3354
Pass,3355,3356,row 3355
Pass,3356,3357,row 3356
Pass,3357,3358,row 3357
Pass,3358,3359,row 3358
Pass,3359,3360,row 3359
Pass,3360,3361,row 3360
Pass,3361,3362,row 3361
Pass,3362,3363,row 3362
Pass,3363,3364,row 3363
Pass,3364,3365,row 3364
Pass,3365,3366,row 3365
Pass,3366,3367,row 3366
Pass,3367,3368,row 3367
Pass,3368,3369,row 3368
Pass,3369,3370,row 3369
Pass,3370,3371,row 3370
Pass,3371,3372,row 3371
Pass,3372,3373,row 3372
Pass,3373,3374,row 3373
Pass,3374,3375,row 3374
Pass,3375,3376,row 3375
Pass,3376,3377,row 3376
Pass,3377,3378,row 3377
Pass,3378,3379,row 3378
Pass,3379,3380,row 3379
Pass,3380,3381,row 3380
Pass,3381,3382,row 3381
Pass,3382,3383,row 3382
Pass,3383,3384,row 3383
Pass,3384,3385,row 3384
Pass,3385,3386,row 3385
Pass,3386,3387,row 3386
Pass,3387,3388,row 3387
Pass,3388,3389,row 3388
Pass,3389,3390,row 3389
Pass,3390,3391,row 3390
Pass,3391,3392,row 3391
Pass,3392,3393,row 3392
Pass,3393,3394,row 3393
Pass,3394,3395,row 3394
Pass,3395,3396,row 3395
Pass,3396,3397,row 3396
Pass,3397,3398,row 3397
Pass,3398,3399,row 3398
Pass,3399,3400,row 3399
Pass,3400,3401,row 3400
Pass,3401,3402,row 3401
Pass,3402,3403,row 3402
Pass,3403,3404,row 3403
Pass,3404,3405,row 3404
Pass,3405,3406,row 3405
Pass,3406,3407,row 3406
Pass,3407,3408,row 3407
Pass,3408,3409,row 3408
Pass,3409,3410,row 3409
Pass,3410,3411,row 3410
Pass,3411,3412,row 3411
Pass,3412,3413,row 3412
Pass,3413,3414,row 3413
Pass,3414,3415,row 3414
Pass,3415,3416,row 3415
Pass,3416,3417,row 3416
Pass,3417,3418,row 3417
Pass,3418,3419,row 3418
Pass,3419,3420,row 3419
Pass,3420,3421,row 3420
Pass,3421,3422,row 3421
Pass,3422,3423,row 3422
Pass,3423,3424,row 3423
Pass,3424,3425,row 3424
Pass,3425,3426,row 3425
Pass,3426,3427,row 3426
Pass,3427,3428,row 3427
Pass,3428,3429,row 3428
Pass,3429,3430,row 3429
Pass,3430,3431,row 3430
Pass,3431,3432,row 3431
Pass,3432,3433,row 3432
Pass,3433,3434,row 3433
Pass,3434,3435,row 3434
Pass,3435,3436,row 3435
Pass,3436,3437,row 3436
Pass,3437,3438,row 3437
Pass,3438,3439,row 3438
Pass,3439,3440,row 3439
Pass,3440,3441,row 3440
Pass,3441,3442,row 3441
Pass,3442,3443,row 3442
Pass,3443,3444,row 3443
Pass,3444,3445,row 3444
Pass,3445,3446,row 3445
Pass,3446,3447,row 3446
Pass,3447,3448,row 3447
Pass,3448,3449,row 3448
Pass,3449,3450,row 3449
Pass,3450,3451,row 3450
Pass,3451,3452,row 3451
Pass,3452,3453,row 3452
Pass,3453,3454,row 3453
Pass,3454,3455,row 3454
Pass,3455,3456,row 3455
Pass,3456,3457,row 3456
Pass,3457,3458,row 3457
Pass,3458,3459,row 3458
Pass,3459,3460,row 3459
Pass,3460,3461,row 3460
Pass,3461,3462,row 3461
Pass,3462,3463,row 3462
Pass,3463,3464,row 3463
Pass,3464,3465,row 3464
Pass,3465,3466,row 3465
Pass,3466,3467,row 3466
Pass,3467,3468,row 3467
Pass,3468,3469,row 3468
Pass,3469,3470,row 3469
Pass,3470,3471,row 3470
Pass,3471,3472,row 3471
Pass,3472,3473,row 3472
Pass,3473,3474,row 3473
Pass,3474,3475,row 3474
Pass,3475,3476,row 3475
Pass,3476,3477,row 3476
Pass,3477,3478,row 3477
Pass,3478,3479,row 3478
Pass,3479,3480,row 3479
Pass,3480,3481,row 3480
Pass,3481,3482,row 3481
Pass,3482,3483,row 3482
Pass,3483,3484,row 3483
Pass,3484,3485,row 3484
Pass,3485,3486,row 3485
Pass,3486,3487,row 3486
Pass,3487,3488,row 3487
Pass,3488,3489,row 3488
Pass,3489,3490,row 3489
Pass,3490,3491,row 3490
Pass,3491,3492,row 3491
Pass,3492,3493,row 3492
Pass,3493,3494,row 3493
Pass,3494,3495,row 3494
Pass,3495,3496,row 3495
Pass,3496,3497,row 3496
Pass,3497,3498,row 3497
Pass,3498,3499,row 3498
Pass,3499,3500,row 3499
Pass,3500,3501,row 3500
Pass,3501,3502,row 3501
Pass,3502,3503,row 3502
Pass,3503,3504,row 3503
Pass,3504,3505,row 3504
Pass,3505,3506,row 3505
Pass,3506,3507,row 3506
Pass,3507,3508,row 3507
Pass,3508,3509,row 3508
Pass,3509,3510,row 3509
Pass,3510,3511,row 3510
Pass,3511,3512,row 3511
Pass,3512,3513,row 3512
Pass,3513,3514,row 3513
Pass,3514,3515,row 3514
Pass,3515,3516,row 3515
Pass,3516,3517,row 3516
Pass,3517,3518,row 3517
Pass,3518,3519,row 3518
Pass,3519,3520,row 3519
Pass,3520,3521,row 3520
Pass,3521,3522,row 3521
Pass,3522,3523,row 3522
Pass,3523,3524,row 3523
Pass,3524,3525,row 3524
Pass,3525,3526,row 3525
Pass,3526,3527,row 3526
Pass,3527,3528,row 3527
Pass,3528,3529,row 3528
Pass,3529,3530,row 3529
Pass,3530,3531,row 3530
Pass,3531,3532,row 3531
Pass,3532,3533,row 3532
Pass,3533,3534,row 3533
Pass,3534,3535,row 3534
Pass,3535,3536,row 3535
Pass,3536,3537,row 3536
Pass,3537,3538,row 3537
Pass,3538,3539,row 3538
Pass,3539,3540,row 3539
Pass,3540,3541,row 3540
Pass,3541,3542,row 3541
Pass,3542,3543,row 3542
Pass,3543,3544,row 3543
Pass,3544,3545,row 3544
Pass,3545,3546,row 3545
Pass,3546,3547,row 3546
Pass,3547,3548,row 3547
Pass,3548,3549,row 3548
Pass,3549,3550,row 3549
Pass,3550,3551,row 3550
Pass,3551,3552,row 3551
Pass,3552,3553,row 3552
Pass,3553,3554,row 3553
Pass,3554,3555,row 3554
Pass,3555,3556,row 3555
Pass,3556,3557,row 3556
Pass,3557,3558,row 3557
Pass,3558,3559,row 3558
Pass,3559,3560,row 3559
Pass,3560,3561,row 3560
Pass,3561,3562,row 3561
Pass,3562,3563,row 3562
Pass,3563,3564,row 3563
Pass,3564,3565,row 3564
Pass,3565,3566,row 3565
Pass,3566,3567,row 3566
Pass,3567,3568,row 3567
Pass,3568,3569,row 3568
Pass,3569,3570,row 3569
Pass,3570,3571,row 3570
Pass,3571,3572,row 3571
Pass,3572,3573,row 3572
Pass,3573,3574,row 3573
Pass,3574,3575,row 3574
Pass,3575,3576,row 3575
Pass,3576,3577,row 3576
Pass,3577,3578,row 3577
Pass,3578,3579,row 3578
Pass,3579,3580,row 3579
Pass,3580,3581,row 3580
Pass,3581,3582,row 3581
Pass,3582,3583,row 3582
Pass,3583,3584,row 3583
Pass,3584,3585,row 3584
Pass,3585,3586,row 3585
Pass,3586,3587,row 3586
Pass,3587,3588,row 3587
Pass,3588,3589,row 3588
Pass,3589,3590,row 3589
Pass,3590,3591,row 3590
Pass,3591,3592,row 3591
Pass,3592,3593,row 3592
Pass,3593,3594,row 3593
Pass,3594,3595,row 3594
Pass,3595,3596,row 3595
Pass,3596,3597,row 3596
Pass,3597,3598,row 3597
Pass,3598,3599,row 3598
Pass,3599,3600,row 3599
Pass,3600,3601,row 3600
Pass,3601,3602,row 3601
Pass,3602,3603,row 3602
Pass,3603,3604,row 3603
Pass,3604,3605,row 3604
Pass,3605,3606,row 3605
Pass,3606,3607,row 3606
Pass,3607,3608,row 3607
Pass,3608,3609,row 3608
Pass,3609,3610,row 3609
Pass,3610,3611,row 3610
Pass,3611,3612,row 3611
Pass,3612,3613,row 3612
Pass,3613,3614,row 3613
Pass,3614,3615,row 3614
Pass,3615,3616,row 3615
Pass,3616,3617,row 3616
Pass,3617,3618,row 3617
Pass,3618,3619,row 3618
Pass,3619,3620,row 3619
Pass,3620,3621,row 3620
Pass,3621,3622,row 3621
Pass,3622,3623,row 3622
Pass,3623,3624,row 3623
Pass,3624,3625,row 3624
Pass,3625,3626,row 3625
Pass,3626,3627,row 3626
Pass,3627,3628,row 3627
Pass,3628,3629,row 3628
Pass,3629,3630,row 3629
Pass,3630,3631,row 3630
Pass,3631,3632,row 3631
Pass,3632,3633,row 3632
Pass,3633,3634,row 3633
Pass,3634,3635,row 3634
Pass,3635,3636,row 3635
Pass,3636,3637,row 3636
Pass,3637,3638,row 3637
Pass,3638,3639,row 3638
Pass,3639,3640,row 3639
Pass,3640,3641,row 3640
Pass,3641,3642,row 3641
Pass,3642,3643,row 3642
Pass,3643,3644,row 3643
Pass,3644,3645,row 3644
Pass,3645,3646,row 3645
Pass,3646,3647,row 3646
Pass,3647,3648,row 3647
Pass,3648,3649,row 3648
Pass,3649,3650,row 3649
Pass,3650,3651,row 3650
Pass,3651,3652,row 3651
Pass,3652,3653,row 3652
Pass,3653,3654,row 3653
Pass,3654,3655,row 3654
Pass,3655,3656,row 3655
Pass,3656,3657,row 3656
Pass,3657,3658,row 3657
Pass,3658,3659,row 3658
Pass,3659,3660,row 3659
Pass,3660,3661,row 3660
Pass,3661,3662,row 3661
Pass,3662,3663,row 3662
Pass,3663,3664,row 3663
Pass,3664,3665,row 3664
Pass,3665,3666,row 3665
Pass,3666,3667,row 3666
Pass,3667,3668,row 3667
Pass,3668,3669,row 3668
Pass,3669,3670,row 3669
Pass,3670,3671,row 3670
Pass,3671,3672,row 3671
Pass,3672,3673,row 3672
Pass,3673,3674,row 3673
Pass,3674,3675,row 3674
Pass,3675,3676,row 3675
Pass,3676,3677,row 3676
Pass,3677,3678,row 3677
Pass,3678,3679,row 3678
Pass,3679,3680,row 3679
Pass,3680,3681,row 3680
Pass,3681,3682,row 3681
Pass,3682,3683,row 3682
Pass,3683,3684,row 3683
Pass,3684,3685,row 3684
Pass,3685,3686,row 3685
Pass,3686,3687,row 3686
Pass,3687,3688,row 3687
Pass,3688,3689,row 3688
Pass,3689,3690,row 3689
Pass,3690,3691,row 3690
Pass,3691,3692,row 3691
Pass,3692,3693,row 3692
Pass,3693,3694,row 3693
Pass,3694,3695,row 3694
Pass,3695,3696,row 3695
Pass,3696,3697,row 3696
Pass,3697,3698,row 3697
Pass,3698,3699,row 3698
Pass,3699,3700,row 3699
Pass,3700,3701,row 3700
Pass,3701,3702,row 3701
Pass,3702,3703,row 3702
Pass,3703,3704,row 3703
Pass,3704,3705,row 3704
Pass,3705,3706,row 3705
Pass,3706,3707,row 3706
Pass,3707,3708,row 3707
Pass,3708,3709,row 3708
Pass,3709,3710,row 3709
Pass,3710,3711,row 3710
Pass,3711,3712,row 3711
Pass,3712,3713,row 3712
Pass,3713,3714,row 3713
Pass,3714,3715,row 3714
Pass,3715,3716,row 3715
Pass,3716,3717,row 3716
Pass,3717,3718,row 3717
Pass,3718,3719,row 3718
Pass,3719,3720,row 3719
Pass,3720,3721,row 3720
Pass,3721,3722,row 3721
Pass,3722,3723,row 3722
Pass,3723,3724,row 3723
Pass,3724,3725,row 3724
Pass,3725,3726,row 3725
Pass,3726,3727,row 3726
Pass,3727,3728,row 3727
Pass,3728,3729,row 3728
Pass,3729,3730,row 3729
Pass,3730,3731,row 3730
Pass,3731,3732,row 3731
Pass,3732,3733,row 3732
Pass,3733,3734,row 3733
Pass,3734,3735,row 3734
Pass,3735,3736,row 3735
Pass,3736,3737,row 3736
Pass,3737,3738,row 3737
Pass,3738,3739,row 3738
Pass,3739,3740,row 3739
Pass,3740,3741,row 3740
Pass,3741,3742,row 3741
Pass,3742,3743,row 3742
Pass,3743,3744,row 3743
Pass,3744,3745,row 3744
Pass,3745,3746,row 3745
Pass,3746,3747,row 3746
Pass,3747,3748,row 3747
Pass,3748,3749,row 3748
Pass,3749,3750,row 3749
Pass,3750,3751,row 3750
Pass,3751,3752,row 3751
Pass,3752,3753,row 3752
Pass,3753,3754,row 3753
Pass,3754,3755,row 3754
Pass,3755,3756,row 3755
Pass,3756,3757,row 3756
Pass,3757,3758,row 3757
Pass,3758,3759,row 3758
Pass,3759,3760,row 3759
Pass,3760,3761,row 3760
Pass,3761,3762,row 3761
Pass,3762,3763,row 3762
Pass,3763,3764,row 3763
Pass,3764,3765,row 3764
Pass,3765,3766,row 3765
Pass,3766,3767,row 3766
Pass,3767,3768,row 3767
Pass,3768,3769,row 3768
Pass,3769,3770,row 3769
Pass,3770,3771,row 3770
Pass,3771,3772,row 3771
Pass,3772,3773,row 3772
Pass,3773,3774,row 3773
Pass,3774,3775,row 3774
Pass,3775,3776,row 3775
Pass,3776,3777,row 3776
Pass,3777,3778,row 3777
Pass,3778,3779,row 3778
Pass,3779,3780,row 3779
Pass,3780,3781,row 3780
Pass,3781,3782,row 3781
Pass,3782,3783,row 3782
Pass,3783,3784,row 3783
Pass,3784,3785,row 3784
Pass,3785,3786,row 3785
Pass,3786,3787,row 3786
Pass,3787,3788,row 3787
Pass,3788,3789,row 3788
Pass,3789,3790,row 3789
Pass,3790,3791,row 3790
Pass,3791,3792,row 3791
Pass,3792,3793,row 3792
Pass,3793,3794,row 3793
Pass,3794,3795,row 3794
Pass,3795,3796,row 3795
Pass,3796,3797,row 3796
Pass,3797,3798,row 3797
Pass,3798,3799,row 3798
Pass,3799,3800,row 3799
Pass,3800,3801,row 3800
Pass,3801,3802,row 3801
Pass,3802,3803,row 3802
Pass,3803,3804,row 3803
Pass,3804,3805,row 3804
Pass,3805,3806,row 3805
Pass,3806,3807,row 3806
Pass,3807,3808,row 3807
Pass,3808,3809,row 3808
Pass,3809,3810,row 3809
Pass,3810,3811,row 3810
Pass,3811,3812,row 3811
Pass,3812,3813,row 3812
Pass,3813,3814,row 3813
Pass,3814,3815,row 3814
Pass,3815,3816,row 3815
Pass,3816,3817,row 3816
Pass,3817,3818,row 3817
Pass,3818,3819,row 3818
Pass,3819,3820,row 3819
Pass,3820,3821,row 3820
Pass,3821,3822,row 3821
Pass,3822,3823,row 3822
Pass,3823,3824,row 3823
Pass,3824,3825,row 3824
Pass,3825,3826,row 3825
Pass,3826,3827,row 3826
Pass,3827,3828,row 3827
Pass,3828,3829,row 3828
Pass,3829,3830,row 3829
Pass,3830,3831,row 3830
Pass,3831,3832,row 3831
Pass,3832,3833,row 3832
Pass,3833,3834,row 3833
Pass,3834,3835,row 3834
Pass,3835,3836,row 3835
Pass,3836,3837,row 3836
Pass,3837,3838,row 3837
Pass,3838,3839,row 3838
Pass,3839,3840,row 3839
Pass,3840,3841,row 3840
Pass,3841,3842,row 3841
Pass,3842,3843,row 3842
Pass,3843,3844,row 3843
Pass,3844,3845,row 3844
Pass,3845,3846,row 3845
Pass,3846,3847,row 3846
Pass,3847,3848,row 3847
Pass,3848,3849,row 3848
Pass,3849,3850,row 3849
Pass,3850,3851,row 3850
Pass,3851,3852,row 3851
Pass,3852,3853,row 3852
Pass,3853,3854,row 3853
Pass,3854,3855,row 3854
Pass,3855,3856,row 3855
Pass,3856,3857,row 3856
Pass,3857,3858,row 3857
Pass,3858,3859,row 3858
Pass,3859,3860,row 3859
Pass,3860,3861,row 3860
Pass,3861,3862,row 3861
Pass,3862,3863,row 3862
Pass,3863,3864,row 3863
Pass,3864,3865,row 3864
Pass,3865,3866,row 3865
Pass,3866,3867,row 3866
Pass,3867,3868,row 3867
Pass,3868,3869,row 3868
Pass,3869,3870,row 3869
Pass,3870,3871,row 3870
Pass,3871,3872,row 3871
Pass,3872,3873,row 3872
Pass,3873,3874,row 3873
Pass,3874,3875,row 3874
Pass,3875,3876,row 3875
Pass,3876,3877,row 3876
Pass,3877,3878,row 3877
Pass,3878,3879,row 3878
Pass,3879,3880,row 3879
Pass,3880,3881,row 3880
Pass,3881,3882,row 3881
Pass,3882,3883,row 3882
Pass,3883,3884,row 3883
Pass,3884,3885,row 3884
Pass,3885,3886,row 3885
Pass,3886,3887,row 3886
Pass,3887,3888,row 3887
Pass,3888,3889,row 3888
Pass,3889,3890,row 3889
Pass,3890,3891,row 3890
Pass,3891,3892,row 3891
Pass,3892,3893,row 3892
Pass,3893,3894,row 3893
Pass,3894,3895,row 3894
Pass,3895,3896,row 3895
Pass,3896,3897,row 3896
Pass,3897,3898,row 3897
Pass,3898,3899,row 3898
Pass,3899,3900,row 3899
Pass,3900,3901,row 3900
Pass,3901,3902,row 3901
Pass,3902,3903,row 3902
Pass,3903,3904,row 3903
Pass,3904,3905,row 3904
Pass,3905,3906,row 3905
Pass,3906,3907,row 3906
Pass,3907,3908,row 3907
Pass,3908,3909,row 3908
Pass,3909,3910,row 3909
Pass,3910,3911,row 3910
Pass,3911,3912,row 3911
Pass,3912,3913,row 3912
Pass,3913,3914,row 3913
Pass,3914,3915,row 3914
Pass,3915,3916,row 3915
Pass,3916,3917,row 3916
Pass,3917,3918,row 3917
Pass,3918,3919,row 3918
Pass,3919,3920,row 3919
Pass,3920,3921,row 3920
Pass,3921,3922,row 3921
Pass,3922,3923,row 3922
Pass,3923,3924,row 3923
Pass,3924,3925,row 3924
Pass,3925,3926,row 3925
Pass,3926,3927,row 3926
Pass,3927,3928,row 3927
Pass,3928,3929,row 3928
Pass,3929,3930,row 3929
Pass,3930,3931,row 3930
Pass,3931,3932,row 3931
Pass,3932,3933,row 3932
Pass,3933,3934,row 3933
Pass,3934,3935,row 3934
Pass,3935,3936,row 3935
Pass,3936,3937,row 3936
Pass,3937,3938,row 3937
Pass,3938,3939,row 3938
Pass,3939,3940,row 3939
Pass,3940,3941,row 3940
Pass,3941,3942,row 3941
Pass,3942,3943,row 3942
Pass,3943,3944,row 3943
Pass,3944,3945,row 3944
Pass,3945,3946,row 3945
Pass,3946,3947,row 3946
Pass,3947,3948,row 3947
Pass,3948,3949,row 3948
Pass,3949,3950,row 3949
Pass,3950,3951,row 3950
Pass,3951,3952,row 3951
Pass,3952,3953,row 3952
Pass,3953,3954,row 3953
Pass,3954,3955,row 3954
Pass,3955,3956,row 3955
Pass,3956,3957,row 3956
Pass,3957,3958,row 3957
Pass,3958,3959,row 3958
Pass,3959,3960,row 3959
Pass,3960,3961,row 3960
Pass,3961,3962,row 3961
Pass,3962,3963,row 3962
Pass,3963,3964,row 3963
Pass,3964,3965,row 3964
Pass,3965,3966,row 3965
Pass,3966,3967,row 3966
Pass,3967,3968,row 3967
Pass,3968,3969,row 3968
Pass,3969,3970,row 3969
Pass,3970,3971,row 3970
Pass,3971,3972,row 3971
Pass,3972,3973,row 3972
Pass,3973,3974,row 3973
Pass,3974,3975,row 3974
Pass,3975,3976,row 3975
Pass,3976,3977,row 3976
Pass,3977,3978,row 3977
Pass,3978,3979,row 3978
Pass,3979,3980,row 3979
Pass,3980,3981,row 3980
Pass,3981,3982,row 3981
Pass,3982,3983,row 3982
Pass,3983,3984,row 3983
Pass,3984,3985,row 3984
Pass,3985,3986,row 3985
Pass,3986,3987,row 3986
Pass,3987,3988,row 3987
Pass,3988,3989,row 3988
Pass,3989,3990,row 3989
Pass,3990,3991,row 3990
Pass,3991,3992,row 3991
Pass,3992,3993,row 3992
Pass,3993,3994,row 3993
Pass,3994,3995,row 3994
Pass,3995,3996,row 3995
Pass,3996,3997,row 3996
Pass,3997,3998,row 3997
Pass,3998,3999,row 3998
Pass,3999,4000,row 3999
Pass,4000,4001,row 4000
Pass,4001,4002,row 4001
Pass,4002,4003,row 4002
Pass,4003,4004,row 4003
Pass,4004,4005,row 4004
Pass,4005,4006,row 4005
Pass,4006,4007,row 4006
Pass,4007,4008,row 4007
Pass,4008,4009,row 4008
Pass,4009,4010,row 4009
Pass,4010,4011,row 4010
Pass,4011,4012,row 4011
Pass,4012,4013,row 4012
Pass,4013,4014,row 4013
Pass,4014,4015,row 4014
Pass,4015,4016,row 4015
Pass,4016,4017,row 4016
Pass,4017,4018,row 4017
Pass,4018,4019,row 4018
Pass,4019,4020,row 4019
Pass,4020,4021,row 4020
Pass,4021,4022,row 4021
Pass,4022,4023,row 4022
Pass,4023,4024,row 4023
Pass,4024,4025,row 4024
Pass,4025,4026,row 4025
Pass,4026,4027,row 4026
Pass,4027,4028,row 4027
Pass,4028,4029,row 4028
Pass,4029,4030,row 4029
Pass,4030,4031,row 4030
Pass,4031,4032,row 4031
Pass,4032,4033,row 4032
Pass,4033,4034,row 4033
Pass,4034,4035,row 4034
Pass,4035,4036,row 4035
Pass,4036,4037,row 4036
Pass,4037,4038,row 4037
Pass,4038,4039,row 4038
Pass,4039,4040,row 4039
Pass,4040,4041,row 4040
Pass,4041,4042,row 4041
Pass,4042,4043,row 4042
Pass,4043,4044,row 4043
Pass,4044,4045,row 4044
Pass,4045,4046,row 4045
Pass,4046,4047,row 4046
Pass,4047,4048,row 4047
Pass,4048,4049,row 4048
Pass,4049,4050,row 4049
Pass,4050,4051,row 4050
Pass,4051,4052,row 4051
Pass,4052,4053,row 4052
Pass,4053,4054,row 4053
Pass,4054,4055,row 4054
Pass,4055,4056,row 4055
Pass,4056,4057,row 4056
Pass,4057,4058,row 4057
Pass,4058,4059,row 4058
Pass,4059,4060,row 4059
Pass,4060,4061,row 4060
Pass,4061,4062,row 4061
Pass,4062,4063,row 4062
Pass,4063,4064,row 4063
Pass,4064,4065,row 4064
Pass,4065,4066,row 4065
Pass,4066,4067,row 4066
Pass,4067,4068,row 4067
Pass,4068,4069,row 4068
Pass,4069,4070,row 4069
Pass,4070,4071,row 4070
Pass,4071,4072,row 4071
Pass,4072,4073,row 4072
Pass,4073,4074,row 4073
Pass,4074,4075,row 4074
Pass,4075,4076,row 4075
Pass,4076,4077,row 4076
Pass,4077,4078,row 4077
Pass,4078,4079,row 4078
Pass,4079,4080,row 4079
Pass,4080,4081,row 4080
Pass,4081,4082,row 4081
Pass,4082,4083,row 4082
Pass,4083,4084,row 4083
Pass,4084,4085,row 4084
Pass,4085,4086,row 4085
Pass,4086,4087,row 4086
Pass,4087,4088,row 4087
Pass,4088,4089,row 4088
Pass,4089,4090,row 4089
Pass,4090,4091,row 4090
Pass,4091,4092,row 4091
Pass,4092,4093,row 4092
Pass,4093,4094,row 4093
Pass,4094,4095,row 4094
Pass,4095,4096,row 4095
Pass,4096,4097,row 4096
Pass,4097,4098,row 4097
Pass,4098,4099,row 4098
Pass,4099,4100,row 4099
Pass,4100,4101,row 4100
Pass,4101,4102,row 4101
Pass,4102,4103,row 4102
Pass,4103,4104,row 4103
Pass,4104,4105,row 4104
Pass,4105,4106,row 4105
Pass,4106,4107,row 4106
Pass,4107,4108,row 4107
Pass,4108,4109,row 4108
Pass,4109,4110,row 4109
Pass,4110,4111,row 4110
Pass,4111,4112,row 4111
Pass,4112,4113,row 4112
Pass,4113,4114,row 4113
Pass,4114,4115,row 4114
Pass,4115,4116,row 4115
Pass,4116,4117,row 4116
Pass,4117,4118,row 4117
Pass,4118,4119,row 4118
Pass,4119,4120,row 4119
Pass,4120,4121,row 4120
Pass,4121,4122,row 4121
Pass,4122,4123,row 4122
Pass,4123,4124,row 4123
Pass,4124,4125,row 4124
Pass,4125,4126,row 4125
Pass,4126,4127,row 4126
Pass,4127,4128,row 4127
Pass,4128,4129,row 4128
Pass,4129,4130,row 4129
Pass,4130,4131,row 4130
Pass,4131,4132,row 4131
Pass,4132,4133,row 4132
Pass,4133,4134,row 4133
Pass,4134,4135,row 4134
Pass,4135,4136,row 4135
Pass,4136,4137,row 4136
Pass,4137,4138,row 4137
Pass,4138,4139,row 4138
Pass,4139,4140,row 4139
Pass,4140,4141,row 4140
Pass,4141,4142,row 4141
Pass,4142,4143,row 4142
Pass,4143,4144,row 4143
Pass,4144,4145,row 4144
Pass,4145,4146,row 4145
Pass,4146,4147,row 4146
Pass,4147,4148,row 4147
Pass,4148,4149,row 4148
Pass,4149,4150,row 4149
Pass,4150,4151,row 4150
Pass,4151,4152,row 4151
Pass,4152,4153,row 4152
Pass,4153,4154,row 4153
Pass,4154,4155,row 4154
Pass,4155,4156,row 4155
Pass,4156,4157,row 4156
Pass,4157,4158,row 4157
Pass,4158,4159,row 4158
Pass,4159,4160,row 4159
Pass,4160,4161,row 4160
Pass,4161,4162,row 4161
Pass,4162,4163,row 4162
Pass,4163,4164,row 4163
Pass,4164,4165,row 4164
Pass,4165,4166,row 4165
Pass,4166,4167,row 4166
Pass,4167,4168,row 4167
Pass,4168,4169,row 4168
Pass,4169,4170,row 4169
Pass,4170,4171,row 4170
Pass,4171,4172,row 4171
Pass,4172,4173,row 4172
Pass,4173,4174,row 4173
Pass,4174,4175,row 4174
Pass,4175,4176,row 4175
Pass,4176,4177,row 4176
Pass,4177,4178,row 4177
Pass,4178,4179,row 4178
Pass,4179,4180,row 4179
Pass,4180,4181,row 4180
Pass,4181,4182,row 4181
Pass,4182,4183,row 4182
Pass,4183,4184,row 4183
Pass,4184,4185,row 4184
Pass,4185,4186,row 4185
Pass,4186,4187,row 4186
Pass,4187,4188,row 4187
Pass,4188,4189,row 4188
Pass,4189,4190,row 4189
Pass,4190,4191,row 4190
Pass,4191,4192,row 4191
Pass,4192,4193,row 4192
Pass,4193,4194,row 4193
Pass,4194,4195,row 4194
Pass,4195,4196,row 4195
Pass,4196,4197,row 4196
Pass,4197,4198,row 4197
Pass,4198,4199,row 4198
Pass,4199,4200,row 4199
Pass,4200,4201,row 4200
Pass,4201,4202,row 4201
Pass,4202,4203,row 4202
Pass,4203,4204,row 4203
Pass,4204,4205,row 4204
Pass,4205,4206,row 4205
Pass,4206,4207,row 4206
Pass,4207,4208,row 4207
Pass,4208,4209,row 4208
Pass,4209,4210,row 4209
Pass,4210,4211,row 4210
Pass,4211,4212,row 4211
Pass,4212,4213,row 4212
Pass,4213,4214,row 4213
Pass,4214,4215,row 4214
Pass,4215,4216,row 4215
Pass,4216,4217,row 4216
Pass,4217,4218,row 4217
Pass,4218,4219,row 4218
Pass,4219,4220,row 4219
Pass,4220,4221,row 4220
Pass,4221,4222,row 4221
Pass,4222,4223,row 4222
Pass,4223,4224,row 4223
Pass,4224,4225,row 4224
Pass,4225,4226,row 4225
Pass,4226,4227,row 4226
Pass,4227,4228,row 4227
Pass,4228,4229,row 4228
Pass,4229,4230,row 4229
Pass,4230,4231,row 4230
Pass,4231,4232,row 4231
Pass,4232,4233,row 4232
Pass,4233,4234,row 4233
Pass,4234,4235,row 4234
Pass,4235,4236,row 4235
Pass,4236,4237,row 4236
Pass,4237,4238,row 4237
Pass,4238,4239,row 4238
Pass,4239,4240,row 4239
Pass,4240,4241,row 4240
Pass,4241,4242,row 4241
Pass,4242,4243,row 4242
Pass,4243,4244,row 4243
Pass,4244,4245,row 4244
Pass,4245,4246,row 4245
Pass,4246,4247,row 4246
Pass,4247,4248,row 4247
Pass,4248,4249,row 4248
Pass,4249,4250,row 4249
Pass,4250,4251,row 4250
Pass,4251,4252,row 4251
Pass,4252,4253,row 4252
Pass,4253,4254,row 4253
Pass,4254,4255,row 4254
Pass,4255,4256,row 4255
Pass,4256,4257,row 4256
Pass,4257,4258,row 4257
Pass,4258,4259,row 4258
Pass,4259,4260,row 4259
Pass,4260,4261,row 4260
Pass,4261,4262,row 4261
Pass,4262,4263,row 4262
Pass,4263,4264,row 4263
Pass,4264,4265,row 4264
Pass,4265,4266,row 4265
Pass,4266,4267,row 4266
Pass,4267,4268,row 4267
Pass,4268,4269,row 4268
Pass,4269,4270,row 4269
Pass,4270,4271,row 4270
Pass,4271,4272,row 4271
Pass,4272,4273,row 4272
Pass,4273,4274,row 4273
Pass,4274,4275,row 4274
Pass,4275,4276,row 4275
Pass,4276,4277,row 4276
Pass,4277,4278,row 4277
Pass,4278,4279,row 4278
Pass,4279,4280,row 4279
Pass,4280,4281,row 4280
Pass,4281,4282,row 4281
Pass,4282,4283,row 4282
Pass,4283,4284,row 4283
Pass,4284,4285,row 4284
Pass,4285,4286,row 4285
Pass,4286,4287,row 4286
Pass,4287,4288,row 4287
Pass,4288,4289,row 4288
Pass,4289,4290,row 4289
Pass,4290,4291,row 4290
Pass,4291,4292,row 4291
Pass,4292,4293,row 4292
Pass,4293,4294,row 4293
Pass,4294,4295,row 4294
Pass,4295,4296,row 4295
Pass,4296,4297,row 4296
Pass,4297,4298,row 4297
Pass,4298,4299,row 4298
Pass,4299,4300,row 4299
Pass,4300,4301,row 4300
Pass,4301,4302,row 4301
Pass,4302,4303,row 4302
Pass,4303,4304,row 4303
Pass,4304,4305,row 4304
Pass,4305,4306,row 4305
Pass,4306,4307,row 4306
Pass,4307,4308,row 4307
Pass,4308,4309,row 4308
Pass,4309,4310,row 4309
Pass,4310,4311,row 4310
Pass,4311,4312,row 4311
Pass,4312,4313,row 4312
Pass,4313,4314,row 4313
Pass,4314,4315,row 4314
Pass,4315,4316,row 4315
Pass,4316,4317,row 4316
Pass,4317,4318,row 4317
Pass,4318,4319,row 4318
Pass,4319,4320,row 4319
Pass,4320,4321,row 4320
Pass,4321,4322,row 4321
Pass,4322,4323,row 4322
Pass,4323,4324,row 4323
Pass,4324,4325,row 4324
Pass,4325,4326,row 4325
Pass,4326,4327,row 4326
Pass,4327,4328,row 4327
Pass,4328,4329,row 4328
Pass,4329,4330,row 4329
Pass,4330,4331,row 4330
Pass,4331,4332,row 4331
Pass,4332,4333,row 4332
Pass,4333,4334,row 4333
Pass,4334,4335,row 4334
Pass,4335,4336,row 4335
Pass,4336,4337,row 4336
Pass,4337,4338,row 4337
Pass,4338,4339,row 4338
Pass,4339,4340,row 4339
Pass,4340,4341,row 4340
Pass,4341,4342,row 4341
Pass,4342,4343,row 4342
Pass,4343,4344,row 4343
Pass,4344,4345,row 4344
Pass,4345,4346,row 4345
Pass,4346,4347,row 4346
Pass,4347,4348,row 4347
Pass,4348,4349,row 4348
Pass,4349,4350,row 4349
Pass,4350,4351,row 4350
Pass,4351,4352,row 4351
Pass,4352,4353,row 4352
Pass,4353,4354,row 4353
Pass,4354,4355,row 4354
Pass,4355,4356,row 4355
Pass,4356,4357,row 4356
Pass,4357,4358,row 4357
Pass,4358,4359,row 4358
Pass,4359,4360,row 4359
Pass,4360,4361,row 4360
Pass,4361,4362,row 4361
Pass,4362,4363,row 4362
Pass,4363,4364,row 4363
Pass,4364,4365,row 4364
Pass,4365,4366,row 4365
Pass,4366,4367,row 4366
Pass,4367,4368,row 4367
Pass,4368,4369,row 4368
Pass,4369,4370,row 4369
Pass,4370,4371,row 4370
Pass,4371,4372,row 4371
Pass,4372,4373,row 4372
Pass,4373,4374,row 4373
Pass,4374,4375,row 4374
Pass,4375,4376,row 4375
Pass,4376,4377,row 4376
Pass,4377,4378,row 4377
Pass,4378,4379,row 4378
Pass,4379,4380,row 4379
Pass,4380,4381,row 4380
Pass,4381,4382,row 4381
Pass,4382,4383,row 4382
Pass,4383,4384,row 4383
Pass,4384,4385,row 4384
Pass,4385,4386,row 4385
Pass,4386,4387,row 4386
Pass,4387,4388,row 4387
Pass,4388,4389,row 4388
Pass,4389,4390,row 4389
Pass,4390,4391,row 4390
Pass,4391,4392,row 4391
Pass,4392,4393,row 4392
Pass,4393,4394,row 4393
Pass,4394,4395,row 4394
Pass,4395,4396,row 4395
Pass,4396,4397,row 4396
Pass,4397,4398,row 4397
Pass,4398,4399,row 4398
Pass,4399,4400,row 4399
Pass,4400,4401,row 4400
Pass,4401,4402,row 4401
Pass,4402,4403,row 4402
Pass,4403,4404,row 4403
Pass,4404,4405,row 4404
Pass,4405,4406,row 4405
Pass,4406,4407,row 4406
Pass,4407,4408,row 4407
Pass,4408,4409,row 4408
Pass,4409,4410,row 4409
Pass,4410,4411,row 4410
Pass,4411,4412,row 4411
Pass,4412,4413,row 4412
Pass,4413,4414,row 4413
Pass,4414,4415,row 4414
Pass,4415,4416,row 4415
Pass,4416,4417,row 4416
Pass,4417,4418,row 4417
Pass,4418,4419,row 4418
Pass,4419,4420,row 4419
Pass,4420,4421,row 4420
Pass,4421,4422,row 4421
Pass,4422,4423,row 4422
Pass,4423,4424,row 4423
Pass,4424,4425,row 4424
Pass,4425,4426,row 4425
Pass,4426,4427,row 4426
Pass,4427,4428,row 4427
Pass,4428,4429,row 4428
Pass,4429,4430,row 4429
Pass,4430,4431,row 4430
Pass,4431,4432,row 4431
Pass,4432,4433,row 4432
Pass,4433,4434,row 4433
Pass,4434,4435,row 4434
Pass,4435,4436,row 4435
Pass,4436,4437,row 4436
Pass,4437,4438,row 4437
Pass,4438,4439,row 4438
Pass,4439,4440,row 4439
Pass,4440,4441,row 4440
Pass,4441,4442,row 4441
Pass,4442,4443,row 4442
Pass,4443,4444,row 4443
Pass,4444,4445,row 4444
Pass,4445,4446,row 4445
Pass,4446,4447,row 4446
Pass,4447,4448,row 4447
Pass,4448,4449,row 4448
Pass,4449,4450,row 4449
Pass,4450,4451,row 4450
Pass,4451,4452,row 4451
Pass,4452,4453,row 4452
Pass,4453,4454,row 4453
Pass,4454,4455,row 4454
Pass,4455,4456,row 4455
Pass,4456,4457,row 4456
Pass,4457,4458,row 4457
Pass,4458,4459,row 4458
Pass,4459,4460,row 4459
Pass,4460,4461,row 4460
Pass,4461,4462,row 4461
Pass,4462,4463,row 4462
Pass,4463,4464,row 4463
Pass,4464,4465,row 4464
Pass,4465,4466,row 4465
Pass,4466,4467,row 4466
Pass,4467,4468,row 4467
Pass,4468,4469,row 4468
Pass,4469,4470,row 4469
Pass,4470,4471,row 4470
Pass,4471,4472,row 4471
Pass,4472,4473,row 4472
Pass,4473,4474,row 4473
Pass,4474,4475,row 4474
Pass,4475,4476,row 4475
Pass,4476,4477,row 4476
Pass,4477,4478,row 4477
Pass,4478,4479,row 4478
Pass,4479,4480,row 4479
Pass,4480,4481,row 4480
Pass,4481,4482,row 4481
Pass,4482,4483,row 4482
Pass,4483,4484,row 4483
Pass,4484,4485,row 4484
Pass,4485,4486,row 4485
Pass,4486,4487,row 4486
Pass,4487,4488,row 4487
Pass,4488,4489,row 4488
Pass,4489,4490,row 4489
Pass,4490,4491,row 4490
Pass,4491,4492,row 4491
Pass,4492,4493,row 4492
Pass,4493,4494,row 4493
Pass,4494,4495,row 4494
Pass,4495,4496,row 4495
Pass,4496,4497,row 4496
Pass,4497,4498,row 4497
Pass,4498,4499,row 4498
Pass,4499,4500,row 4499
Pass,4500,4501,row 4500
Pass,4501,4502,row 4501
Pass,4502,4503,row 4502
Pass,4503,4504,row 4503
Pass,4504,4505,row 4504
Pass,4505,4506,row 4505
Pass,4506,4507,row 4506
Pass,4507,4508,row 4507
Pass,4508,4509,row 4508
Pass,4509,4510,row 4509
Pass,4510,4511,row 4510
Pass,4511,4512,row 4511
Pass,4512,4513,row 4512
Pass,4513,4514,row 4513
Pass,4514,4515,row 4514
Pass,4515,4516,row 4515
Pass,4516,4517,row 4516
Pass,4517,4518,row 4517
Pass,4518,4519,row 4518
Pass,4519,4520,row 4519
Pass,4520,4521,row 4520
Pass,4521,4522,row 4521
Pass,4522,4523,row 4522
Pass,4523,4524,row 4523
Pass,4524,4525,row 4524
Pass,4525,4526,row 4525
Pass,4526,4527,row 4526
Pass,4527,4528,row 4527
Pass,4528,4529,row 4528
Pass,4529,4530,row 4529
Pass,4530,4531,row 4530
Pass,4531,4532,row 4531
Pass,4532,4533,row 4532
Pass,4533,4534,row 4533
Pass,4534,4535,row 4534
Pass,4535,4536,row 4535
Pass,4536,4537,row 4536
Pass,4537,4538,row 4537
Pass,4538,4539,row 4538
Pass,4539,4540,row 4539
Pass,4540,4541,row 4540
Pass,4541,4542,row 4541
Pass,4542,4543,row 4542
Pass,4543,4544,row 4543
Pass,4544,4545,row 4544
Pass,4545,4546,row 4545
Pass,4546,4547,row 4546
Pass,4547,4548,row 4547
Pass,4548,4549,row 4548
Pass,4549,4550,row 4549
Pass,4550,4551,row 4550
Pass,4551,4552,row 4551
Pass,4552,4553,row 4552
Pass,4553,4554,row 4553
Pass,4554,4555,row 4554
Pass,4555,4556,row 4555
Pass,4556,4557,row 4556
Pass,4557,4558,row 4557
Pass,4558,4559,row 4558
Pass,4559,4560,row 4559
Pass,4560,4561,row 4560
Pass,4561,4562,row 4561
Pass,4562,4563,row 4562
Pass,4563,4564,row 4563
Pass,4564,4565,row 4564
Pass,4565,4566,row 4565
Pass,4566,4567,row 4566
Pass,4567,4568,row 4567
Pass,4568,4569,row 4568
Pass,4569,4570,row 4569
Pass,4570,4571,row 4570
Pass,4571,4572,row 4571
Pass,4572,4573,row 4572
Pass,4573,4574,row 4573
Pass,4574,4575,row 4574
Pass,4575,4576,row 4575
Pass,4576,4577,row 4576
Pass,4577,4578,row 4577
Pass,4578,4579,row 4578
Pass,4579,4580,row 4579
Pass,4580,4581,row 4580
Pass,4581,4582,row 4581
Pass,4582,4583,row 4582
Pass,4583,4584,row 4583
Pass,4584,4585,row 4584
Pass,4585,4586,row 4585
Pass,4586,4587,row 4586
Pass,4587,4588,row 4587
Pass,4588,4589,row 4588
Pass,4589,4590,row 4589
Pass,4590,4591,row 4590
Pass,4591,4592,row 4591
Pass,4592,4593,row 4592
Pass,4593,4594,row 4593
Pass,4594,4595,row 4594
Pass,4595,4596,row 4595
Pass,4596,4597,row 4596
Pass,4597,4598,row 4597
Pass,4598,4599,row 4598
Pass,4599,4600,row 4599
Pass,4600,4601,row 4600
Pass,4601,4602,row 4601
Pass,4602,4603,row 4602
Pass,4603,4604,row 4603
Pass,4604,4605,row 4604
Pass,4605,4606,row 4605
Pass,4606,4607,row 4606
Pass,4607,4608,row 4607
Pass,4608,4609,row 4608
Pass,4609,4610,row 4609
Pass,4610,4611,row 4610
Pass,4611,4612,row 4611
Pass,4612,4613,row 4612
Pass,4613,4614,row 4613
Pass,4614,4615,row 4614
Pass,4615,4616,row 4615
Pass,4616,4617,row 4616
Pass,4617,4618,row 4617
Pass,4618,4619,row 4618
Pass,4619,4620,row 4619
Pass,4620,4621,row 4620
Pass,4621,4622,row 4621
Pass,4622,4623,row 4622
Pass,4623,4624,row 4623
Pass,4624,4625,row 4624
Pass,4625,4626,row 4625
Pass,4626,4627,row 4626
Pass,4627,4628,row 4627
Pass,4628,4629,row 4628
Pass,4629,4630,row 4629
Pass,4630,4631,row 4630
Pass,4631,4632,row 4631
Pass,4632,4633,row 4632
Pass,4633,4634,row 4633
Pass,4634,4635,row 4634
Pass,4635,4636,row 4635
Pass,4636,4637,row 4636
Pass,4637,4638,row 4637
Pass,4638,4639,row 4638
Pass,4639,4640,row 4639
Pass,4640,4641,row 4640
Pass,4641,4642,row 4641
Pass,4642,4643,row 4642
Pass,4643,4644,row 4643
Pass,4644,4645,row 4644
Pass,4645,4646,row 4645
Pass,4646,4647,row 4646
Pass,4647,4648,row 4647
Pass,4648,4649,row 4648
Pass,4649,4650,row 4649
Pass,4650,4651,row 4650
Pass,4651,4652,row 4651
Pass,4652,4653,row 4652
Pass,4653,4654,row 4653
Pass,4654,4655,row 4654
Pass,4655,4656,row 4655
Pass,4656,4657,row 4656
Pass,4657,4658,row 4657
Pass,4658,4659,row 4658
Pass,4659,4660,row 4659
Pass,4660,4661,row 4660
Pass,4661,4662,row 4661
Pass,4662,4663,row 4662
Pass,4663,4664,row 4663
Pass,4664,4665,row 4664
Pass,4665,4666,row 4665
Pass,4666,4667,row 4666
Pass,4667,4668,row 4667
Pass,4668,4669,row 4668
Pass,4669,4670,row 4669
Pass,4670,4671,row 4670
Pass,4671,4672,row 4671
Pass,4672,4673,row 4672
Pass,4673,4674,row 4673
Pass,4674,4675,row 4674
Pass,4675,4676,row 4675
Pass,4676,4677,row 4676
Pass,4677,4678,row 4677
Pass,4678,4679,row 4678
Pass,4679,4680,row 4679
Pass,4680,4681,row 4680
Pass,4681,4682,row 4681
Pass,4682,4683,row 4682
Pass,4683,4684,row 4683
Pass,4684,4685,row 4684
Pass,4685,4686,row 4685
Pass,4686,4687,row 4686
Pass,4687,4688,row 4687
Pass,4688,4689,row 4688
Pass,4689,4690,row 4689
Pass,4690,4691,row 4690
Pass,4691,4692,row 4691
Pass,4692,4693,row 4692
Pass,4693,4694,row 4693
Pass,4694,4695,row 4694
Pass,4695,4696,row 4695
Pass,4696,4697,row 4696
Pass,4697,4698,row 4697
Pass,4698,4699,row 4698
Pass,4699,4700,row 4699
Pass,4700,4701,row 4700
Pass,4701,4702,row 4701
Pass,4702,4703,row 4702
Pass,4703,4704,row 4703
Pass,4704,4705,row 4704
Pass,4705,4706,row 4705
Pass,4706,4707,row 4706
Pass,4707,4708,row 4707
Pass,4708,4709,row 4708
Pass,4709,4710,row 4709
Pass,4710,4711,row 4710
Pass,4711,4712,row 4711
Pass,4712,4713,row 4712
Pass,4713,4714,row 4713
Pass,4714,4715,row 4714
Pass,4715,4716,row 4715
Pass,4716,4717,row 4716
Pass,4717,4718,row 4717
Pass,4718,4719,row 4718
Pass,4719,4720,row 4719
Pass,4720,4721,row 4720
Pass,4721,4722,row 4721
Pass,4722,4723,row 4722
Pass,4723,4724,row 4723
Pass,4724,4725,row 4724
Pass,4725,4726,row 4725
Pass,4726,4727,row 4726
Pass,4727,4728,row 4727
Pass,4728,4729,row 4728
Pass,4729,4730,row 4729
Pass,4730,4731,row 4730
Pass,4731,4732,row 4731
Pass,4732,4733,row 4732
Pass,4733,4734,row 4733
Pass,4734,4735,row 4734
Pass,4735,4736,row 4735
Pass,4736,4737,row 4736
Pass,4737,4738,row 4737
Pass,4738,4739,row 4738
Pass,4739,4740,row 4739
Pass,4740,4741,row 4740
Pass,4741,4742,row 4741
Pass,4742,4743,row 4742
Pass,4743,4744,row 4743
Pass,4744,4745,row 4744
Pass,4745,4746,row 4745
Pass,4746,4747,row 4746
Pass,4747,4748,row 4747
Pass,4748,4749,row 4748
Pass,4749,4750,row 4749
Pass,4750,4751,row 4750
Pass,4751,4752,row 4751
Pass,4752,4753,row 4752
Pass,4753,4754,row 4753
Pass,4754,4755,row 4754
Pass,4755,4756,row 4755
Pass,4756,4757,row 4756
Pass,4757,4758,row 4757
Pass,4758,4759,row 4758
Pass,4759,4760,row 4759
Pass,4760,4761,row 4760
Pass,4761,4762,row 4761
Pass,4762,4763,row 4762
Pass,4763,4764,row 4763
Pass,4764,4765,row 4764
Pass,4765,4766,row 4765
Pass,4766,4767,row 4766
Pass,4767,4768,row 4767
Pass,4768,4769,row 4768
Pass,4769,4770,row 4769
Pass,4770,4771,row 4770
Pass,4771,4772,row 4771
Pass,4772,4773,row 4772
Pass,4773,4774,row 4773
Pass,4774,4775,row 4774
Pass,4775,4776,row 4775
Pass,4776,4777,row 4776
Pass,4777,4778,row 4777
Pass,4778,4779,row 4778
Pass,4779,4780,row 4779
Pass,4780,4781,row 4780
Pass,4781,4782,row 4781
Pass,4782,4783,row 4782
Pass,4783,4784,row 4783
Pass,4784,4785,row 4784
Pass,4785,4786,row 4785
Pass,4786,4787,row 4786
Pass,4787,4788,row 4787
Pass,4788,4789,row 4788
Pass,4789,4790,row 4789
Pass,4790,4791,row 4790
Pass,4791,4792,row 4791
Pass,4792,4793,row 4792
Pass,4793,4794,row 4793
Pass,4794,4795,row 4794
Pass,4795,4796,row 4795
Pass,4796,4797,row 4796
Pass,4797,4798,row 4797
Pass,4798,4799,row 4798
Pass,4799,4800,row 4799
Pass,4800,4801,row 4800
Pass,4801,4802,row 4801
Pass,4802,4803,row 4802
Pass,4803,4804,row 4803
Pass,4804,4805,row 4804
Pass,4805,4806,row 4805
Pass,4806,4807,row 4806
Pass,4807,4808,row 4807
Pass,4808,4809,row 4808
Pass,4809,4810,row 4809
Pass,4810,4811,row 4810
Pass,4811,4812,row 4811
Pass,4812,4813,row 4812
Pass,4813,4814,row 4813
Pass,4814,4815,row 4814
Pass,4815,4816,row 4815
Pass,4816,4817,row 4816
Pass,4817,4818,row 4817
Pass,4818,4819,row 4818
Pass,4819,4820,row 4819
Pass,4820,4821,row 4820
Pass,4821,4822,row 4821
Pass,4822,4823,row 4822
Pass,4823,4824,row 4823
Pass,4824,4825,row 4824
Pass,4825,4826,row 4825
Pass,4826,4827,row 4826
Pass,4827,4828,row 4827
Pass,4828,4829,row 4828
Pass,4829,4830,row 4829
Pass,4830,4831,row 4830
Pass,4831,4832,row 4831
Pass,4832,4833,row 4832
Pass,4833,4834,row 4833
Pass,4834,4835,row 4834
Pass,4835,4836,row 4835
Pass,4836,4837,row 4836
Pass,4837,4838,row 4837
Pass,4838,4839,row 4838
Pass,4839,4840,row 4839
Pass,4840,4841,row 4840
Pass,4841,4842,row 4841
Pass,4842,4843,row 4842
Pass,4843,4844,row 4843
Pass,4844,4845,row 4844
Pass,4845,4846,row 4845
Pass,4846,4847,row 4846
Pass,4847,4848,row 4847
Pass,4848,4849,row 4848
Pass,4849,4850,row 4849
Pass,4850,4851,row 4850
Pass,4851,4852,row 4851
Pass,4852,4853,row 4852
Pass,4853,4854,row 4853
Pass,4854,4855,row 4854
Pass,4855,4856,row 4855
Pass,4856,4857,row 4856
Pass,4857,4858,row 4857
Pass,4858,4859,row 4858
Pass,4859,4860,row 4859
Pass,4860,4861,row 4860
Pass,4861,4862,row 4861
Pass,4862,4863,row 4862
Pass,4863,4864,row 4863
Pass,4864,4865,row 4864
Pass,4865,4866,row 4865
Pass,4866,4867,row 4866
Pass,4867,4868,row 4867
Pass,4868,4869,row 4868
Pass,4869,4870,row 4869
Pass,4870,4871,row 4870
Pass,4871,4872,row 4871
Pass,4872,4873,row 4872
Pass,4873,4874,row 4873
Pass,4874,4875,row 4874
Pass,4875,4876,row 4875
Pass,4876,4877,row 4876
Pass,4877,4878,row 4877
Pass,4878,4879,row 4878
Pass,4879,4880,row 4879
Pass,4880,4881,row 4880
Pass,4881,4882,row 4881
Pass,4882,4883,row 4882
Pass,4883,4884,row 4883
Pass,4884,4885,row 4884
Pass,4885,4886,row 4885
Pass,4886,4887,row 4886
Pass,4887,4888,row 4887
Pass,4888,4889,row 4888
Pass,4889,4890,row 4889
Pass,4890,4891,row 4890
Pass,4891,4892,row 4891
Pass,4892,4893,row 4892
Pass,4893,4894,row 4893
Pass,4894,4895,row 4894
Pass,4895,4896,row 4895
Pass,4896,4897,row 4896
Pass,4897,4898,row 4897
Pass,4898,4899,row 4898
Pass,4899,4900,row 4899
Pass,4900,4901,row 4900
Pass,4901,4902,row 4901
Pass,4902,4903,row 4902
Pass,4903,4904,row 4903
Pass,4904,4905,row 4904
Pass,4905,4906,row 4905
Pass,4906,4907,row 4906
Pass,4907,4908,row 4907
Pass,4908,4909,row 4908
Pass,4909,4910,row 4909
Pass,4910,4911,row 4910
Pass,4911,4912,row 4911
Pass,4912,4913,row 4912
Pass,4913,4914,row 4913
Pass,4914,4915,row 4914
Pass,4915,4916,row 4915
Pass,4916,4917,row 4916
Pass,4917,4918,row 4917
Pass,4918,4919,row 4918
Pass,4919,4920,row 4919
Pass,4920,4921,row 4920
Pass,4921,4922,row 4921
Pass,4922,4923,row 4922
Pass,4923,4924,row 4923
Pass,4924,4925,row 4924
Pass,4925,4926,row 4925
Pass,4926,4927,row 4926
Pass,4927,4928,row 4927
Pass,4928,4929,row 4928
Pass,4929,4930,row 4929
Pass,4930,4931,row 4930
Pass,4931,4932,row 4931
Pass,4932,4933,row 4932
Pass,4933,4934,row 4933
Pass,4934,4935,row 4934
Pass,4935,4936,row 4935
Pass,4936,4937,row 4936
Pass,4937,4938,row 4937
Pass,4938,4939,row 4938
Pass,4939,4940,row 4939
Pass,4940,4941,row 4940
Pass,4941,4942,row 4941
Pass,4942,4943,row 4942
Pass,4943,4944,row 4943
Pass,4944,4945,row 4944
Pass,4945,4946,row 4945
Pass,4946,4947,row 4946
Pass,4947,4948,row 4947
Pass,4948,4949,row 4948
Pass,4949,4950,row 4949
Pass,4950,4951,row 4950
Pass,4951,4952,row 4951
Pass,4952,4953,row 4952
Pass,4953,4954,row 4953
Pass,4954,4955,row 4954
Pass,4955,4956,row 4955
Pass,4956,4957,row 4956
Pass,4957,4958,row 4957
Pass,4958,4959,row 4958
Pass,4959,4960,row 4959
Pass,4960,4961,row 4960
Pass,4961,4962,row 4961
Pass,4962,4963,row 4962
Pass,4963,4964,row 4963
Pass,4964,4965,row 4964
Pass,4965,4966,row 4965
Pass,4966,4967,row 4966
Pass,4967,4968,row 4967
Pass,4968,4969,row 4968
Pass,4969,4970,row 4969
Pass,4970,4971,row 4970
Pass,4971,4972,row 4971
Pass,4972,4973,row 4972
Pass,4973,4974,row 4973
Pass,4974,4975,row 4974
Pass,4975,4976,row 4975
Pass,4976,4977,row 4976
Pass,4977,4978,row 4977
Pass,4978,4979,row 4978
Pass,4979,4980,row 4979
Pass,4980,4981,row 4980
Pass,4981,4982,row 4981
Pass,4982,4983,row 4982
Pass,4983,4984,row 4983
Pass,4984,4985,row 4984
Pass,4985,4986,row 4985
Pass,4986,4987,row 4986
Pass,4987,4988,row 4987
Pass,4988,4989,row 4988
Pass,4989,4990,row 4989
Pass,4990,4991,row 4990
Pass,4991,4992,row 4991
Pass,4992,4993,row 4992
Pass,4993,4994,row 4993
Pass,4994,4995,row 4994
Pass,4995,4996,row 4995
Pass,4996,4997,row 4996
Pass,4997,4998,row 4997
Pass,4998,4999,row 4998
Pass,4999,5000,row 4999
Pass,5000,5001,row 5000
